Workbook

Sheet Fork
B3: ClasicaFork | G3: ClasicaFork | L3: ClasicaFork | Q3: ClasicaFork | V3: ClasicaFork
B4: Tamaño Matriz: 50 Hilos:1 | G4: Tamaño Matriz:50 Hilos:2 | L4: Tamaño Matriz:50 Hilos:4 | Q4: Tamaño Matriz:50 Hilos:8 | V4: Tamaño Matriz:50 Hilos:10
B5: VM Javeriana Ubuntu 4 hilos | C5: Replit 8 hilos | D5: Subsistema de Windows para Linux (Ubuntu) 12 hilos | E5: Subsistema de Windows para Linux (Ubuntu) 16 hilos | G5: VM Javeriana Ubuntu 4 hilos | H5: Replit 8 hilos | I5: Subsistema de Windows para Linux (Ubuntu) 12 hilos | J5: Subsistema de Windows para Linux (Ubuntu) 16 hilos | L5: VM Javeriana Ubuntu 4 hilos | M5: Replit 8 hilos | N5: Subsistema de Windows para Linux (Ubuntu) 12 hilos | O5: Subsistema de Windows para Linux (Ubuntu) 16 hilos | Q5: VM Javeriana Ubuntu 4 hilos | R5: Replit 8 hilos | S5: Subsistema de Windows para Linux (Ubuntu) 12 hilos | T5: Subsistema de Windows para Linux (Ubuntu) 16 hilos | V5: VM Javeriana Ubuntu 4 hilos | W5: Replit 8 hilos | X5: Subsistema de Windows para Linux (Ubuntu) 12 hilos | Y5: Subsistema de Windows para Linux (Ubuntu) 16 hilos
B6: 2249 | C6: 310 | D6: 451 | E6: 1440 | G6: 1115 | H6: 347 | I6: 401 | J6: 955 | L6: 865 | M6: 621 | N6: 471 | O6: 1685 | Q6: 1314 | R6: 4908 | S6: 696 | T6: 2587 | V6: 1082 | W6: 1130 | X6: 814 | Y6: 2341
B7: 1134 | C7: 316 | D7: 428 | E7: 1145 | G7: 949 | H7: 344 | I7: 338 | J7: 1119 | L7: 1208 | M7: 771 | N7: 433 | O7: 1256 | Q7: 1261 | R7: 2956 | S7: 635 | T7: 1911 | V7: 1105 | W7: 1493 | X7: 773 | Y7: 1928
B8: 2508 | C8: 296 | D8: 418 | E8: 2144 | G8: 637 | H8: 311 | I8: 335 | J8: 1729 | L8: 986 | M8: 1451 | N8: 426 | O8: 1749 | Q8: 1069 | R8: 2103 | S8: 627 | T8: 2279 | V8: 1317 | W8: 2027 | X8: 910 | Y8: 2089
B9: 1414 | C9: 307 | D9: 425 | E9: 1416 | G9: 883 | H9: 312 | I9: 342 | J9: 1322 | L9: 1111 | M9: 987 | N9: 425 | O9: 2383 | Q9: 1251 | R9: 995 | S9: 715 | T9: 2242 | V9: 1181 | W9: 1170 | X9: 789 | Y9: 2797
B10: 859 | C10: 357 | D10: 415 | E10: 1015 | G10: 998 | H10: 337 | I10: 429 | J10: 1550 | L10: 1128 | M10: 676 | N10: 467 | O10: 2076 | Q10: 1710 | R10: 850 | S10: 804 | T10: 2258 | V10: 1826 | W10: 1775 | X10: 766 | Y10: 2154
B11: 760 | C11: 326 | D11: 395 | E11: 1815 | G11: 1115 | H11: 362 | I11: 345 | J11: 1548 | L11: 1391 | M11: 644 | N11: 499 | O11: 1323 | Q11: 1059 | R11: 1098 | S11: 813 | T11: 2730 | V11: 1463 | W11: 3405 | X11: 922 | Y11: 2301
B12: 790 | C12: 321 | D12: 406 | E12: 1732 | G12: 1368 | H12: 330 | I12: 345 | J12: 880 | L12: 1436 | M12: 3020 | N12: 424 | O12: 1448 | Q12: 1334 | R12: 1266 | S12: 857 | T12: 2260 | V12: 1743 | W12: 2015 | X12: 1007 | Y12: 1823
B13: 846 | C13: 309 | D13: 391 | E13: 1205 | G13: 736 | H13: 365 | I13: 343 | J13: 1286 | L13: 945 | M13: 819 | N13: 424 | O13: 1868 | Q13: 1459 | R13: 1732 | S13: 847 | T13: 2397 | V13: 1748 | W13: 1632 | X13: 802 | Y13: 2472
B14: 927 | C14: 311 | D14: 396 | E14: 1135 | G14: 1767 | H14: 339 | I14: 342 | J14: 1483 | L14: 671 | M14: 740 | N14: 419 | O14: 1120 | Q14: 1263 | R14: 1453 | S14: 838 | T14: 2341 | V14: 1337 | W14: 1557 | X14: 760 | Y14: 1878
B15: 732 | C15: 325 | D15: 481 | E15: 988 | G15: 576 | H15: 377 | I15: 358 | J15: 1031 | L15: 835 | M15: 533 | N15: 424 | O15: 1894 | Q15: 1007 | R15: 995 | S15: 966 | T15: 2000 | V15: 1172 | W15: 2046 | X15: 763 | Y15: 2543
B16: 789 | C16: 294 | D16: 483 | E16: 1237 | G16: 840 | H16: 381 | I16: 350 | J16: 1207 | L16: 863 | M16: 1611 | N16: 414 | O16: 1439 | Q16: 1052 | R16: 1853 | S16: 781 | T16: 2316 | V16: 2277 | W16: 1094 | X16: 689 | Y16: 2977
B17: 1498 | C17: 309 | D17: 396 | E17: 2089 | G17: 837 | H17: 337 | I17: 416 | J17: 1066 | L17: 682 | M17: 1197 | N17: 438 | O17: 1330 | Q17: 1126 | R17: 1663 | S17: 631 | T17: 3478 | V17: 1289 | W17: 1083 | X17: 698 | Y17: 2057
... B35: 1504 | C35: 298 | D35: 393 | E35: 1700 | G35: 663 | H35: 381 | I35: 336 | J35: 1279 | L35: 700 | M35: 1253 | N35: 439 | O35: 1601 | Q35: 1022 | R35: 875 | S35: 623 | T35: 2037 | V35: 1090 | W35: 940 | X35: 785 | Y35: 1855
A36: Promedio | B36: =AVERAGE(B6:B35) -> 1244.4 | C36: =AVERAGE(C6:C35) -> 320.46667 | D36: =AVERAGE(D6:D35) -> 415.63333 | E36: =AVERAGE(E6:E35) -> 1515.7333 | G36: =AVERAGE(G6:G35) -> 868 | H36: =AVERAGE(H6:H35) -> 351.96667 | I36: =AVERAGE(I6:I35) -> 360.66667 | J36: =AVERAGE(J6:J35) -> 1332.1 | L36: =AVERAGE(L6:L35) -> 966.9 | M36: =AVERAGE(M6:M35) -> 853.8 | N36: =AVERAGE(N6:N35) -> 447.63333 | O36: =AVERAGE(O6:O35) -> 1635.9667 | Q36: =AVERAGE(Q6:Q35) -> 1172.6 | R36: =AVERAGE(R6:R35) -> 1446.2667 | S36: =AVERAGE(S6:S35) -> 697.76667 | T36: =AVERAGE(T6:T35) -> 2715 | V36: =AVERAGE(V6:V35) -> 1305.2667 | W36: =AVERAGE(W6:W35) -> 1439.1333 | X36: =AVERAGE(X6:X35) -> 805.63333 | Y36: =AVERAGE(Y6:Y35) -> 2417.3
B39: ClasicaFork | G39: ClasicaFork | L39: ClasicaFork | Q39: ClasicaFork | V39: ClasicaFork
B40: Tamaño Matriz: 100 Hilos:1 | G40: Tamaño Matriz:100 Hilos:2 | L40: Tamaño Matriz:100 Hilos:4 | Q40: Tamaño Matriz:100 Hilos:8 | V40: Tamaño Matriz:100 Hilos:10
B41: VM Javeriana Ubuntu 4 hilos | C41: Replit 8 hilos | D41: Subsistema de Windows para Linux (Ubuntu) 12 hilos | E41: Subsistema de Windows para Linux (Ubuntu) 16 hilos | G41: VM Javeriana Ubuntu 4 hilos | H41: Replit 8 hilos | I41: Subsistema de Windows para Linux (Ubuntu) 12 hilos | J41: Subsistema de Windows para Linux (Ubuntu) 16 hilos | L41: VM Javeriana Ubuntu 4 hilos | M41: Replit 8 hilos | N41: Subsistema de Windows para Linux (Ubuntu) 12 hilos | O41: Subsistema de Windows para Linux (Ubuntu) 16 hilos | Q41: VM Javeriana Ubuntu 4 hilos | R41: Replit 8 hilos | S41: Subsistema de Windows para Linux (Ubuntu) 12 hilos | T41: Subsistema de Windows para Linux (Ubuntu) 16 hilos | V41: VM Javeriana Ubuntu 4 hilos | W41: Replit 8 hilos | X41: Subsistema de Windows para Linux (Ubuntu) 12 hilos | Y41: Subsistema de Windows para Linux (Ubuntu) 16 hilos
B42: 3966 | C42: 952 | D42: 2202 | E42: 4138 | G42: 3341 | H42: 743 | I42: 1170 | J42: 3050 | L42: 1629 | M42: 704 | N42: 1085 | O42: 2939 | Q42: 3570 | R42: 1018 | S42: 1007 | T42: 4101 | V42: 2738 | W42: 1569 | X42: 998 | Y42: 2116
B43: 4650 | C43: 1214 | D43: 2052 | E43: 3585 | G43: 5059 | H43: 755 | I43: 1182 | J43: 2707 | L43: 1753 | M43: 760 | N43: 1070 | O43: 2101 | Q43: 3096 | R43: 1124 | S43: 977 | T43: 3270 | V43: 2331 | W43: 1938 | X43: 989 | Y43: 2500
B44: 4747 | C44: 947 | D44: 2104 | E44: 4944 | G44: 6675 | H44: 1011 | I44: 1211 | J44: 3437 | L44: 4847 | M44: 703 | N44: 1052 | O44: 2308 | Q44: 3127 | R44: 1303 | S44: 1062 | T44: 3516 | V44: 2315 | W44: 2119 | X44: 1075 | Y44: 2612
B45: 3971 | C45: 1018 | D45: 2024 | E45: 4440 | G45: 2877 | H45: 676 | I45: 1587 | J45: 2439 | L45: 3060 | M45: 709 | N45: 1106 | O45: 3234 | Q45: 3123 | R45: 1064 | S45: 1039 | T45: 4010 | V45: 3053 | W45: 1388 | X45: 924 | Y45: 2962
B46: 4063 | C46: 897 | D46: 1957 | E46: 4200 | G46: 2207 | H46: 634 | I46: 1448 | J46: 3401 | L46: 1828 | M46: 801 | N46: 1061 | O46: 2232 | Q46: 2811 | R46: 1388 | S46: 942 | T46: 4859 | V46: 2953 | W46: 3930 | X46: 1475 | Y46: 2504
B47: 3975 | C47: 1071 | D47: 2033 | E47: 5106 | G47: 2229 | H47: 818 | I47: 1345 | J47: 2791 | L47: 2421 | M47: 792 | N47: 1053 | O47: 2773 | Q47: 2081 | R47: 1132 | S47: 1001 | T47: 2945 | V47: 2499 | W47: 2196 | X47: 1058 | Y47: 3007
B48: 4929 | C48: 881 | D48: 2002 | E48: 3999 | G48: 2323 | H48: 760 | I48: 1704 | J48: 3111 | L48: 2366 | M48: 663 | N48: 981 | O48: 2451 | Q48: 2798 | R48: 15591 | S48: 970 | T48: 2873 | V48: 2086 | W48: 2749 | X48: 973 | Y48: 3166
B49: 4270 | C49: 904 | D49: 2004 | E49: 4393 | G49: 2219 | H49: 765 | I49: 1578 | J49: 4537 | L49: 2046 | M49: 850 | N49: 1045 | O49: 2678 | Q49: 2296 | R49: 1040 | S49: 1109 | T49: 3348 | V49: 2345 | W49: 1874 | X49: 1140 | Y49: 2593
B50: 4231 | C50: 925 | D50: 2058 | E50: 5247 | G50: 2267 | H50: 1541 | I50: 1206 | J50: 3758 | L50: 2312 | M50: 734 | N50: 1030 | O50: 1835 | Q50: 2659 | R50: 879 | S50: 1062 | T50: 2644 | V50: 2378 | W50: 2633 | X50: 1141 | Y50: 2197
B51: 4399 | C51: 967 | D51: 1955 | E51: 3782 | G51: 6106 | H51: 1213 | I51: 1174 | J51: 3545 | L51: 2662 | M51: 718 | N51: 1064 | O51: 2771 | Q51: 2493 | R51: 953 | S51: 1426 | T51: 2346 | V51: 2514 | W51: 3704 | X51: 1208 | Y51: 2671
B52: 10223 | C52: 947 | D52: 1987 | E52: 4718 | G52: 3463 | H52: 767 | I52: 1393 | J52: 2530 | L52: 2846 | M52: 836 | N52: 1121 | O52: 1791 | Q52: 3257 | R52: 886 | S52: 1049 | T52: 2482 | V52: 2987 | W52: 1505 | X52: 978 | Y52: 2712
B53: 10281 | C53: 937 | D53: 2086 | E53: 4637 | G53: 3757 | H53: 858 | I53: 1234 | J53: 2336 | L53: 3167 | M53: 830 | N53: 1160 | O53: 2804 | Q53: 2533 | R53: 1003 | S53: 989 | T53: 2926 | V53: 2787 | W53: 1643 | X53: 1256 | Y53: 2342
... B71: 4013 | C71: 923 | D71: 1958 | E71: 4291 | G71: 3174 | H71: 648 | I71: 1122 | J71: 3297 | L71: 1517 | M71: 733 | N71: 986 | O71: 3045 | Q71: 2662 | R71: 1138 | S71: 941 | T71: 2335 | V71: 2840 | W71: 2345 | X71: 1122 | Y71: 2680
A72: Promedio | B72: =AVERAGE(B42:B71) -> 5867.9667 | C72: =AVERAGE(C42:C71) -> 975.06667 | D72: =AVERAGE(D42:D71) -> 2033.7333 | E72: =AVERAGE(E42:E71) -> 4495.7 | G72: =AVERAGE(G42:G71) -> 3364.7667 | H72: =AVERAGE(H42:H71) -> 881.2 | I72: =AVERAGE(I42:I71) -> 1260.6667 | J72: =AVERAGE(J42:J71) -> 3054.8667 | L72: =AVERAGE(L42:L71) -> 2350.8 | M72: =AVERAGE(M42:M71) -> 770.1 | N72: =AVERAGE(N42:N71) -> 1055.5333 | O72: =AVERAGE(O42:O71) -> 2673.3 | Q72: =AVERAGE(Q42:Q71) -> 2743.4667 | R72: =AVERAGE(R42:R71) -> 2088.9333 | S72: =AVERAGE(S42:S71) -> 1031.8667 | T72: =AVERAGE(T42:T71) -> 2881.6333 | V72: =AVERAGE(V42:V71) -> 2458.3667 | W72: =AVERAGE(W42:W71) -> 2502.8333 | X72: =AVERAGE(X42:X71) -> 1153.7667 | Y72: =AVERAGE(Y42:Y71) -> 2620.8
B75: ClasicaFork | G75: ClasicaFork | L75: ClasicaFork | Q75: ClasicaFork | V75: ClasicaFork
B76: Tamaño Matriz: 500 Hilos:1 | G76: Tamaño Matriz:500 Hilos:2 | L76: Tamaño Matriz:500 Hilos:4 | Q76: Tamaño Matriz:500 Hilos:8 | V76: Tamaño Matriz:500 Hilos:10
B77: VM Javeriana Ubuntu 4 hilos | C77: Replit 8 hilos | D77: Subsistema de Windows para Linux (Ubuntu) 12 hilos | E77: Subsistema de Windows para Linux (Ubuntu) 16 hilos | G77: VM Javeriana Ubuntu 4 hilos | H77: Replit 8 hilos | I77: Subsistema de Windows para Linux (Ubuntu) 12 hilos | J77: Subsistema de Windows para Linux (Ubuntu) 16 hilos | L77: VM Javeriana Ubuntu 4 hilos | M77: Replit 8 hilos | N77: Subsistema de Windows para Linux (Ubuntu) 12 hilos | O77: Subsistema de Windows para Linux (Ubuntu) 16 hilos | Q77: VM Javeriana Ubuntu 4 hilos | R77: Replit 8 hilos | S77: Subsistema de Windows para Linux (Ubuntu) 12 hilos | T77: Subsistema de Windows para Linux (Ubuntu) 16 hilos | V77: VM Javeriana Ubuntu 4 hilos | W77: Replit 8 hilos | X77: Subsistema de Windows para Linux (Ubuntu) 12 hilos | Y77: Subsistema de Windows para Linux (Ubuntu) 16 hilos
B78: 518260 | C78: 128049 | D78: 228726 | E78: 446627 | G78: 252594 | H78: 99869 | I78: 119322 | J78: 250499 | L78: 135309 | M78: 149797 | N78: 79026 | O78: 158633 | Q78: 127369 | R78: 105375 | S78: 48690 | T78: 94595 | V78: 128360 | W78: 94677 | X78: 39876 | Y78: 96409
B79: 488295 | C79: 126031 | D79: 228528 | E79: 426374 | G79: 251215 | H79: 108412 | I79: 122755 | J79: 255505 | L79: 131784 | M79: 99432 | N79: 80565 | O79: 155664 | Q79: 137732 | R79: 94122 | S79: 48100 | T79: 96193 | V79: 126335 | W79: 109140 | X79: 39980 | Y79: 80877
B80: 486314 | C80: 112727 | D80: 227364 | E80: 445573 | G80: 252057 | H80: 97368 | I80: 1153832 | J80: 262192 | L80: 126900 | M80: 170380 | N80: 67011 | O80: 153823 | Q80: 135726 | R80: 183324 | S80: 47293 | T80: 99658 | V80: 132856 | W80: 95118 | X80: 36291 | Y80: 84876
B81: 494723 | C81: 118823 | D81: 230754 | E81: 468242 | G81: 260182 | H81: 154446 | I81: 140437 | J81: 242598 | L81: 129770 | M81: 96419 | N81: 70437 | O81: 149503 | Q81: 135685 | R81: 97550 | S81: 45569 | T81: 94171 | V81: 130294 | W81: 112439 | X81: 37086 | Y81: 82093
B82: 487879 | C82: 112661 | D82: 226112 | E82: 445347 | G82: 242482 | H82: 99424 | I82: 135379 | J82: 251347 | L82: 128271 | M82: 96536 | N82: 76787 | O82: 148045 | Q82: 130628 | R82: 176650 | S82: 48996 | T82: 93744 | V82: 128320 | W82: 97270 | X82: 40038 | Y82: 83361
B83: 512533 | C83: 110115 | D83: 236469 | E83: 458745 | G83: 255497 | H83: 101541 | I83: 120552 | J83: 245164 | L83: 131243 | M83: 107596 | N83: 83259 | O83: 150787 | Q83: 134056 | R83: 99303 | S83: 44922 | T83: 98761 | V83: 127875 | W83: 182199 | X83: 39984 | Y83: 82286
B84: 498387 | C84: 119497 | D84: 227861 | E84: 455196 | G84: 247446 | H84: 100585 | I84: 127235 | J84: 302727 | L84: 124155 | M84: 156813 | N84: 79847 | O84: 151294 | Q84: 134048 | R84: 96108 | S84: 48609 | T84: 101643 | V84: 127223 | W84: 93986 | X84: 37002 | Y84: 80445
B85: 483869 | C85: 123483 | D85: 234071 | E85: 475071 | G85: 249841 | H85: 101564 | I85: 126444 | J85: 246784 | L85: 124498 | M85: 105854 | N85: 78060 | O85: 153960 | Q85: 130097 | R85: 111054 | S85: 46336 | T85: 94035 | V85: 126580 | W85: 179413 | X85: 40826 | Y85: 85182
B86: 508518 | C86: 117172 | D86: 228277 | E86: 452880 | G86: 256297 | H86: 150727 | I86: 117723 | J86: 248202 | L86: 129806 | M86: 175829 | N86: 79946 | O86: 148243 | Q86: 137480 | R86: 94532 | S86: 45599 | T86: 99491 | V86: 126552 | W86: 98839 | X86: 36950 | Y86: 83303
B87: 490581 | C87: 138001 | D87: 229983 | E87: 463733 | G87: 242680 | H87: 101591 | I87: 131831 | J87: 227030 | L87: 131026 | M87: 103185 | N87: 77331 | O87: 153682 | Q87: 133430 | R87: 168251 | S87: 47383 | T87: 93125 | V87: 126559 | W87: 181152 | X87: 40097 | Y87: 82473
B88: 504205 | C88: 109909 | D88: 226867 | E88: 450128 | G88: 246881 | H88: 100313 | I88: 115089 | J88: 231766 | L88: 124326 | M88: 170260 | N88: 66886 | O88: 150420 | Q88: 138351 | R88: 97377 | S88: 46445 | T88: 90910 | V88: 129201 | W88: 98917 | X88: 39724 | Y88: 79290
B89: 501745 | C89: 112306 | D89: 236320 | E89: 434916 | G89: 249967 | H89: 103150 | I89: 116739 | J89: 225686 | L89: 129412 | M89: 104581 | N89: 79653 | O89: 149914 | Q89: 131856 | R89: 179663 | S89: 45467 | T89: 99415 | V89: 123300 | W89: 185859 | X89: 39583 | Y89: 104715
... B107: 514167 | C107: 124272 | D107: 233091 | E107: 444838 | G107: 254943 | H107: 108261 | I107: 117333 | J107: 266795 | L107: 129023 | M107: 122572 | N107: 72772 | O107: 153045 | Q107: 133494 | R107: 108576 | S107: 48325 | T107: 94814 | V107: 130485 | W107: 178671 | X107: 37613 | Y107: 80592
A108: Promedio | B108: =AVERAGE(B78:B107) -> 501042.97 | C108: =AVERAGE(C78:C107) -> 117021.37 | D108: =AVERAGE(D78:D107) -> 229871.3 | E108: =AVERAGE(E78:E107) -> 443143.23 | G108: =AVERAGE(G78:G107) -> 250653.77 | H108: =AVERAGE(H78:H107) -> 110748.93 | I108: =AVERAGE(I78:I107) -> 158720.8 | J108: =AVERAGE(J78:J107) -> 246170.03 | L108: =AVERAGE(L78:L107) -> 130419.63 | M108: =AVERAGE(M78:M107) -> 129553.1 | N108: =AVERAGE(N78:N107) -> 76144.567 | O108: =AVERAGE(O78:O107) -> 147761.43 | Q108: =AVERAGE(Q78:Q107) -> 132673.13 | R108: =AVERAGE(R78:R107) -> 126029.13 | S108: =AVERAGE(S78:S107) -> 46780.467 | T108: =AVERAGE(T78:T107) -> 97015.667 | V108: =AVERAGE(V78:V107) -> 130487 | W108: =AVERAGE(W78:W107) -> 134010.23 | X108: =AVERAGE(X78:X107) -> 39158.833 | Y108: =AVERAGE(Y78:Y107) -> 83724.567
B111: ClasicaFork | G111: ClasicaFork | L111: ClasicaFork | Q111: ClasicaFork | V111: ClasicaFork
B112: Tamaño Matriz: 1000 Hilos:1 | G112: Tamaño Matriz:1000 Hilos:2 | L112: Tamaño Matriz:1000 Hilos:4 | Q112: Tamaño Matriz:1000 Hilos:8 | V112: Tamaño Matriz:1000 Hilos:0
B113: VM Javeriana Ubuntu 4 hilos | C113: Replit 8 hilos | D113: Subsistema de Windows para Linux (Ubuntu) 12 hilos | E113: Subsistema de Windows para Linux (Ubuntu) 16 hilos | G113: VM Javeriana Ubuntu 4 hilos | H113: Replit 8 hilos | I113: Subsistema de Windows para Linux (Ubuntu) 12 hilos | J113: Subsistema de Windows para Linux (Ubuntu) 16 hilos | L113: VM Javeriana Ubuntu 4 hilos | M113: Replit 8 hilos | N113: Subsistema de Windows para Linux (Ubuntu) 12 hilos | O113: Subsistema de Windows para Linux (Ubuntu) 16 hilos | Q113: VM Javeriana Ubuntu 4 hilos | R113: Replit 8 hilos | S113: Subsistema de Windows para Linux (Ubuntu) 12 hilos | T113: Subsistema de Windows para Linux (Ubuntu) 16 hilos | V113: VM Javeriana Ubuntu 4 hilos | W113: Replit 8 hilos | X113: Subsistema de Windows para Linux (Ubuntu) 12 hilos | Y113: Subsistema de Windows para Linux (Ubuntu) 16 hilos
B114: 4971927 | C114: 915063 | D114: 1914939 | E114: 4314793 | G114: 2430521 | H114: 919960 | I114: 1092399 | J114: 2444029 | L114: 1072723 | M114: 1013349 | N114: 682978 | O114: 1565574 | Q114: 1073392 | R114: 1043743 | S114: 454222 | T114: 1145437 | V114: 1066128 | W114: 1071939 | X114: 401744 | Y114: 885694
B115: 4891602 | C115: 919346 | D115: 1919853 | E115: 4475576 | G115: 2362418 | H115: 912831 | I115: 1138835 | J115: 2503639 | L115: 1084992 | M115: 986693 | N115: 669012 | O115: 1615530 | Q115: 1059268 | R115: 1085559 | S115: 443138 | T115: 1037027 | V115: 1075027 | W115: 1029326 | X115: 407724 | Y115: 931171
B116: 5117052 | C116: 923388 | D116: 1902418 | E116: 4462392 | G116: 2399494 | H116: 893539 | I116: 1071482 | J116: 2464960 | L116: 1061593 | M116: 965252 | N116: 649323 | O116: 1646731 | Q116: 1069268 | R116: 1089753 | S116: 453933 | T116: 1051432 | V116: 1053883 | W116: 1051559 | X116: 397782 | Y116: 967071
B117: 5146148 | C117: 938582 | D117: 1980899 | E117: 4534367 | G117: 2347205 | H117: 930451 | I117: 1059115 | J117: 2570629 | L117: 1067402 | M117: 1009490 | N117: 639409 | O117: 1493980 | Q117: 1068140 | R117: 1084944 | S117: 485659 | T117: 1061398 | V117: 1118179 | W117: 1072659 | X117: 394070 | Y117: 925769
B118: 4970912 | C118: 917359 | D118: 1899408 | E118: 4352931 | G118: 2390848 | H118: 996830 | I118: 1106436 | J118: 2375152 | L118: 1073689 | M118: 1049663 | N118: 667313 | O118: 1476894 | Q118: 1041480 | R118: 1149170 | S118: 447115 | T118: 970869 | V118: 1124000 | W118: 1014897 | X118: 403096 | Y118: 967913
B119: 4966348 | C119: 916938 | D119: 1970069 | E119: 4454194 | G119: 2409309 | H119: 889831 | I119: 1059297 | J119: 2515585 | L119: 1112725 | M119: 1075908 | N119: 668731 | O119: 1543145 | Q119: 1054252 | R119: 1090860 | S119: 455688 | T119: 953094 | V119: 1058963 | W119: 1080889 | X119: 418220 | Y119: 957515
B120: 4848956 | C120: 920779 | D120: 1928778 | E120: 2447571 | G120: 2400441 | H120: 907256 | I120: 1027047 | J120: 2588911 | L120: 1071338 | M120: 1102268 | N120: 633553 | O120: 1568852 | Q120: 1045630 | R120: 1173581 | S120: 446605 | T120: 1087087 | V120: 1064625 | W120: 1067931 | X120: 414247 | Y120: 963864
B121: 4862468 | C121: 925149 | D121: 1941126 | E121: 4507572 | G121: 2373240 | H121: 1077995 | I121: 1075685 | J121: 2401004 | L121: 1079629 | M121: 1080318 | N121: 700346 | O121: 1662563 | Q121: 1058575 | R121: 1160041 | S121: 448841 | T121: 1056992 | V121: 1097680 | W121: 1156644 | X121: 388710 | Y121: 966429
B122: 5007711 | C122: 941377 | D122: 1940351 | E122: 4249916 | G122: 2432210 | H122: 991135 | I122: 1012043 | J122: 2498697 | L122: 1090115 | M122: 928190 | N122: 597097 | O122: 1585168 | Q122: 1083844 | R122: 1074169 | S122: 438316 | T122: 1021940 | V122: 1082608 | W122: 1084413 | X122: 389182 | Y122: 926972
B123: 5002295 | C123: 973136 | D123: 1907032 | E123: 4502519 | G123: 2383873 | H123: 918750 | I123: 1126986 | J123: 678539 | L123: 1062336 | M123: 989137 | N123: 660655 | O123: 1585795 | Q123: 1053939 | R123: 1068958 | S123: 440830 | T123: 1060479 | V123: 1078836 | W123: 1110515 | X123: 403864 | Y123: 942774
B124: 4906948 | C124: 917465 | D124: 1925323 | E124: 4385120 | G124: 2376751 | H124: 986796 | I124: 1071449 | J124: 2579075 | L124: 1060362 | M124: 1189846 | N124: 579549 | O124: 1546658 | Q124: 1220710 | R124: 1155642 | S124: 447197 | T124: 1050446 | V124: 1078396 | W124: 1077779 | X124: 406138 | Y124: 996816
B125: 4938800 | C125: 916078 | D125: 3004255 | E125: 4527636 | G125: 2285515 | H125: 920685 | I125: 1035400 | J125: 2337028 | L125: 1055926 | M125: 1043909 | N125: 593117 | O125: 1501847 | Q125: 1380026 | R125: 1082310 | S125: 438590 | T125: 1048023 | V125: 1079307 | W125: 1170579 | X125: 396699 | Y125: 953281
... B143: 4934498 | C143: 950508 | D143: 1908422 | E143: 4497155 | G143: 2330412 | H143: 935945 | I143: 1013775 | J143: 2535483 | L143: 1053293 | M143: 997013 | N143: 617553 | O143: 1568363 | Q143: 1072981 | R143: 1077780 | S143: 444548 | T143: 995380 | V143: 1079795 | W143: 1154485 | X143: 391401 | Y143: 882134
A144: Promedio | B144: =AVERAGE(B114:B143) -> 4976830.4 | C144: =AVERAGE(C114:C143) -> 933810.43 | D144: =AVERAGE(D114:D143) -> 2003101.7 | E144: =AVERAGE(E114:E143) -> 4180449.9 | G144: =AVERAGE(G114:G143) -> 2384519.5 | H144: =AVERAGE(H114:H143) -> 935846.17 | I144: =AVERAGE(I114:I143) -> 1098625.6 | J144: =AVERAGE(J114:J143) -> 2340885.9 | L144: =AVERAGE(L114:L143) -> 1083383.6 | M144: =AVERAGE(M114:M143) -> 1038730.4 | N144: =AVERAGE(N114:N143) -> 650771.63 | O144: =AVERAGE(O114:O143) -> 1558779.4 | Q144: =AVERAGE(Q114:Q143) -> 1127360.4 | R144: =AVERAGE(R114:R143) -> 1096193.8 | S144: =AVERAGE(S114:S143) -> 451495.8 | T144: =AVERAGE(T114:T143) -> 1033402 | V144: =AVERAGE(V114:V143) -> 1083518.1 | W144: =AVERAGE(W114:W143) -> 1087144.6 | X144: =AVERAGE(X114:X143) -> 400235.77 | Y144: =AVERAGE(Y114:Y143) -> 939460
B147: ClasicaFork | G147: ClasicaFork | L147: ClasicaFork | Q147: ClasicaFork | V147: ClasicaFork
B148: Tamaño Matriz: 1500 Hilos:1 | G148: Tamaño Matriz:1500 Hilos:2 | L148: Tamaño Matriz:1500 Hilos:4 | Q148: Tamaño Matriz:1500 Hilos:8 | V148: Tamaño Matriz:1500 Hilos:10
B149: VM Javeriana Ubuntu 4 hilos | C149: Replit 8 hilos | D149: Subsistema de Windows para Linux (Ubuntu) 12 hilos | E149: Subsistema de Windows para Linux (Ubuntu) 16 hilos | G149: VM Javeriana Ubuntu 4 hilos | H149: Replit 8 hilos | I149: Subsistema de Windows para Linux (Ubuntu) 12 hilos | J149: Subsistema de Windows para Linux (Ubuntu) 16 hilos | L149: VM Javeriana Ubuntu 4 hilos | M149: Replit 8 hilos | N149: Subsistema de Windows para Linux (Ubuntu) 12 hilos | O149: Subsistema de Windows para Linux (Ubuntu) 16 hilos | Q149: VM Javeriana Ubuntu 4 hilos | R149: Replit 8 hilos | S149: Subsistema de Windows para Linux (Ubuntu) 12 hilos | T149: Subsistema de Windows para Linux (Ubuntu) 16 hilos | V149: VM Javeriana Ubuntu 4 hilos | W149: Replit 8 hilos | X149: Subsistema de Windows para Linux (Ubuntu) 12 hilos | Y149: Subsistema de Windows para Linux (Ubuntu) 16 hilos
B150: 20940680 | C150: 5193854 | D150: 8384643 | E150: 18811010 | G150: 10737822 | H150: 4711526 | I150: 4570197 | J150: 7949138 | L150: 4507124 | M150: 4826470 | N150: 2921861 | O150: 6459729 | Q150: 5611193 | R150: 4742378 | S150: 1930779 | T150: 4688025 | V150: 4403396 | W150: 4867981 | X150: 1823696 | Y150: 4729861
B151: 21294401 | C151: 5167974 | D151: 9337054 | E151: 16698857 | G151: 10987394 | H151: 5017944 | I151: 4554992 | J151: 9869672 | L151: 4460685 | M151: 4986661 | N151: 2791718 | O151: 6796743 | Q151: 4131865 | R151: 4902881 | S151: 1947296 | T151: 4908722 | V151: 4336223 | W151: 4844016 | X151: 3331089 | Y151: 4763819
B152: 21942992 | C152: 5060298 | D152: 8324113 | E152: 18885949 | G152: 10861602 | H152: 4906066 | I152: 4703174 | J152: 10163838 | L152: 5419898 | M152: 4922028 | N152: 2844772 | O152: 6590908 | Q152: 4244978 | R152: 4884732 | S152: 1905718 | T152: 4725061 | V152: 4577460 | W152: 4917050 | X152: 1854498 | Y152: 4770615
B153: 21756211 | C153: 5569172 | D153: 8078466 | E153: 16782110 | G153: 10702056 | H153: 5356920 | I153: 4675272 | J153: 10033841 | L153: 5398603 | M153: 4905168 | N153: 2763923 | O153: 6455360 | Q153: 4248966 | R153: 4875989 | S153: 2047731 | T153: 4802266 | V153: 4631588 | W153: 4860811 | X153: 1862389 | Y153: 4933615
B154: 20082608 | C154: 5375007 | D154: 8140241 | E154: 19142569 | G154: 10632612 | H154: 4925250 | I154: 6046933 | J154: 8162979 | L154: 5300685 | M154: 4708768 | N154: 2751296 | O154: 4314518 | Q154: 4178423 | R154: 4870179 | S154: 2015661 | T154: 2447223 | V154: 4606627 | W154: 4930194 | X154: 1808860 | Y154: 4853374
B155: 21103396 | C155: 5457692 | D155: 9564438 | E155: 16827908 | G155: 10681328 | H155: 5654996 | I155: 4759729 | J155: 9979563 | L155: 5261796 | M155: 4620507 | N155: 2833909 | O155: 6631897 | Q155: 4474853 | R155: 4736333 | S155: 1930516 | T155: 4785986 | V155: 4665196 | W155: 4875317 | X155: 1863519 | Y155: 4674857
B156: 19707708 | C156: 5155179 | D156: 8192586 | E156: 16616152 | G156: 10519932 | H156: 5014151 | I156: 4617550 | J156: 10146714 | L156: 5250841 | M156: 4722137 | N156: 2735206 | O156: 6975847 | Q156: 4197243 | R156: 4777593 | S156: 1935503 | T156: 4731558 | V156: 4550869 | W156: 4796101 | X156: 1839096 | Y156: 2671450
B157: 22415876 | C157: 5043216 | D157: 8168729 | E157: 18987587 | G157: 9597066 | H157: 5774255 | I157: 4626761 | J157: 8496704 | L157: 5288015 | M157: 4756551 | N157: 2915280 | O157: 6768279 | Q157: 4634851 | R157: 4718681 | S157: 3018284 | T157: 4904796 | V157: 4668174 | W157: 4779798 | X157: 1902327 | Y157: 4643001
B158: 20794149 | C158: 5262508 | D158: 9116901 | E158: 16685603 | G158: 9143818 | H158: 5293527 | I158: 4467155 | J158: 10339687 | L158: 5369446 | M158: 4689654 | N158: 2772646 | O158: 4100415 | Q158: 4176158 | R158: 4818680 | S158: 1925641 | T158: 4827013 | V158: 4732790 | W158: 4918903 | X158: 1825490 | Y158: 4810988
B159: 21808660 | C159: 5048198 | D159: 8158133 | E159: 19272741 | G159: 9922570 | H159: 4785222 | I159: 4803525 | J159: 9943235 | L159: 5236042 | M159: 4610046 | N159: 2758052 | O159: 6769907 | Q159: 4259612 | R159: 4850230 | S159: 1840914 | T159: 4922663 | V159: 4645390 | W159: 4843562 | X159: 1860540 | Y159: 4719006
B160: 21887273 | C160: 5041000 | D160: 8238049 | E160: 17454904 | G160: 9046160 | H160: 4813657 | I160: 5934022 | J160: 7949894 | L160: 5124848 | M160: 4774101 | N160: 2858637 | O160: 6499705 | Q160: 4094761 | R160: 4776579 | S160: 1914339 | T160: 2896040 | V160: 4550271 | W160: 4966499 | X160: 1831813 | Y160: 4849920
B161: 22144476 | C161: 5451627 | D161: 8159699 | E161: 17286079 | G161: 9912322 | H161: 4732876 | I161: 4897117 | J161: 10055290 | L161: 4827225 | M161: 4711950 | N161: 2925354 | O161: 6327008 | Q161: 4096888 | R161: 4837073 | S161: 1955321 | T161: 4765244 | V161: 4563689 | W161: 4816385 | X161: 1902782 | Y161: 4848626
... B179: 21867368 | C179: 4998404 | D179: 8299402 | E179: 19690736 | G179: 10099749 | H179: 4528183 | I179: 4715412 | J179: 7791895 | L179: 5250729 | M179: 4532045 | N179: 2725007 | O179: 6249020 | Q179: 4046835 | R179: 4909953 | S179: 1895962 | T179: 2839287 | V179: 4338896 | W179: 4865524 | X179: 1904509 | Y179: 4723082
A180: Promedio | B180: =AVERAGE(B150:B179) -> 21002910 | C180: =AVERAGE(C150:C179) -> 5172375.3 | D180: =AVERAGE(D150:D179) -> 8489286.3 | E180: =AVERAGE(E150:E179) -> 17842644 | G180: =AVERAGE(G150:G179) -> 10312810 | H180: =AVERAGE(H150:H179) -> 4930737.7 | I180: =AVERAGE(I150:I179) -> 4827584.5 | J180: =AVERAGE(J150:J179) -> 9457510.1 | L180: =AVERAGE(L150:L179) -> 5042021.2 | M180: =AVERAGE(M150:M179) -> 4705963.3 | N180: =AVERAGE(N150:N179) -> 2882152.8 | O180: =AVERAGE(O150:O179) -> 6161716.8 | Q180: =AVERAGE(Q150:Q179) -> 4308623.7 | R180: =AVERAGE(R150:R179) -> 4827072.6 | S180: =AVERAGE(S150:S179) -> 1983089.6 | T180: =AVERAGE(T150:T179) -> 4556697.3 | V180: =AVERAGE(V150:V179) -> 4555716.2 | W180: =AVERAGE(W150:W179) -> 4872267.1 | X180: =AVERAGE(X150:X179) -> 1951863.9 | Y180: =AVERAGE(Y150:Y179) -> 4475665.5

Sheet Promedios Fork
B3: PROMEDIOS PARA MATRIZ 50x50 | I3: PROMEDIOS PARA MATRIZ 100x100 | P3: PROMEDIOS PARA MATRIZ 500x500
C4: SISTEMA OPERATIVO | J4: SISTEMA OPERATIVO | Q4: SISTEMA OPERATIVO
B5: # de Hilos | C5: VM Javeriana Ubuntu 4 hilos | D5: Replit 8 hilos | E5: Subsistema de Windows para Linux (Ubuntu) 12 hilos | F5: Subsistema de Windows para Linux (Ubuntu) 16 hilos | I5: # de Hilos | J5: VM Javeriana Ubuntu 4 hilos | K5: Replit 8 hilos | L5: Subsistema de Windows para Linux (Ubuntu) 12 hilos | M5: Subsistema de Windows para Linux (Ubuntu) 16 hilos | P5: # de Hilos | Q5: VM Javeriana Ubuntu 4 hilos | R5: Replit 8 hilos | S5: Subsistema de Windows para Linux (Ubuntu) 12 hilos | T5: Subsistema de Windows para Linux (Ubuntu) 16 hilos
B6: 1 | C6: =Fork!B36 -> 1244.4 | D6: =Fork!C36 -> 320.46667 | E6: =Fork!D36 -> 415.63333 | F6: =Fork!E36 -> 1515.7333 | I6: 1 | J6: =Fork!B72 -> 5867.9667 | K6: =Fork!C72 -> 975.06667 | L6: =Fork!D72 -> 2033.7333 | M6: =Fork!E72 -> 4495.7 | P6: 1 | Q6: =Fork!B108 -> 501042.97 | R6: =Fork!C108 -> 117021.37 | S6: =Fork!D108 -> 229871.3 | T6: =Fork!E108 -> 443143.23
B7: 2 | C7: =Fork!G36 -> 868 | D7: =Fork!H36 -> 351.96667 | E7: =Fork!I36 -> 360.66667 | F7: =Fork!J36 -> 1332.1 | I7: 2 | J7: =Fork!G72 -> 3364.7667 | K7: =Fork!H72 -> 881.2 | L7: =Fork!I72 -> 1260.6667 | M7: =Fork!J72 -> 3054.8667 | P7: 2 | Q7: =Fork!G108 -> 250653.77 | R7: =Fork!H108 -> 110748.93 | S7: =Fork!I108 -> 158720.8 | T7: =Fork!J108 -> 246170.03
B8: 4 | C8: =Fork!L36 -> 966.9 | D8: =Fork!M36 -> 853.8 | E8: =Fork!N36 -> 447.63333 | F8: =Fork!O36 -> 1635.9667 | I8: 4 | J8: =Fork!L72 -> 2350.8 | K8: =Fork!M72 -> 770.1 | L8: =Fork!N72 -> 1055.5333 | M8: =Fork!O72 -> 2673.3 | P8: 4 | Q8: =Fork!L108 -> 130419.63 | R8: =Fork!M108 -> 129553.1 | S8: =Fork!N108 -> 76144.567 | T8: =Fork!O108 -> 147761.43
B9: 8 | C9: =Fork!Q36 -> 1172.6 | D9: =Fork!R36 -> 1446.2667 | E9: =Fork!S36 -> 697.76667 | F9: =Fork!T36 -> 2715 | I9: 8 | J9: =Fork!Q72 -> 2743.4667 | K9: =Fork!R72 -> 2088.9333 | L9: =Fork!S72 -> 1031.8667 | M9: =Fork!T72 -> 2881.6333 | P9: 8 | Q9: =Fork!Q108 -> 132673.13 | R9: =Fork!R108 -> 126029.13 | S9: =Fork!S108 -> 46780.467 | T9: =Fork!T108 -> 97015.667
B10: 10 | C10: =Fork!V36 -> 1305.2667 | D10: =Fork!W36 -> 1439.1333 | E10: =Fork!X36 -> 805.63333 | F10: =Fork!Y36 -> 2417.3 | I10: 10 | J10: =Fork!V72 -> 2458.3667 | K10: =Fork!W72 -> 2502.8333 | L10: =Fork!X72 -> 1153.7667 | M10: =Fork!Y72 -> 2620.8 | P10: 10 | Q10: =Fork!V108 -> 130487 | R10: =Fork!W108 -> 134010.23 | S10: =Fork!X108 -> 39158.833 | T10: =Fork!Y108 -> 83724.567
B13: PROMEDIOS PARA MATRIZ 1000x1000 | I13: PROMEDIOS PARA MATRIZ 1500x1500
C14: SISTEMA OPERATIVO | J14: SISTEMA OPERATIVO
B15: # de Hilos | C15: VM Javeriana Ubuntu 4 hilos | D15: Replit 8 hilos | E15: Subsistema de Windows para Linux (Ubuntu) 12 hilos | F15: Subsistema de Windows para Linux (Ubuntu) 16 hilos | I15: # de Hilos | J15: VM Javeriana Ubuntu 4 hilos | K15: Replit 8 hilos | L15: Subsistema de Windows para Linux (Ubuntu) 12 hilos | M15: Subsistema de Windows para Linux (Ubuntu) 16 hilos
B16: 1 | C16: =Fork!B144 -> 4976830.4 | D16: =Fork!C144 -> 933810.43 | E16: =Fork!D144 -> 2003101.7 | F16: =Fork!E144 -> 4180449.9 | I16: 1 | J16: =Fork!B180 -> 21002910 | K16: =Fork!C180 -> 5172375.3 | L16: =Fork!D180 -> 8489286.3 | M16: =Fork!E180 -> 17842644
B17: 2 | C17: =Fork!G144 -> 2384519.5 | D17: =Fork!H144 -> 935846.17 | E17: =Fork!I144 -> 1098625.6 | F17: =Fork!J144 -> 2340885.9 | I17: 2 | J17: =Fork!G180 -> 10312810 | K17: =Fork!H180 -> 4930737.7 | L17: =Fork!I180 -> 4827584.5 | M17: =Fork!J180 -> 9457510.1
B18: 4 | C18: =Fork!L144 -> 1083383.6 | D18: =Fork!M144 -> 1038730.4 | E18: =Fork!N144 -> 650771.63 | F18: =Fork!O144 -> 1558779.4 | I18: 4 | J18: =Fork!L180 -> 5042021.2 | K18: =Fork!M180 -> 4705963.3 | L18: =Fork!N180 -> 2882152.8 | M18: =Fork!O180 -> 6161716.8
B19: 8 | C19: =Fork!Q144 -> 1127360.4 | D19: =Fork!W144 -> 1087144.6 | E19: =Fork!S144 -> 451495.8 | F19: =Fork!T144 -> 1033402 | I19: 8 | J19: =Fork!Q180 -> 4308623.7 | K19: =Fork!R180 -> 4827072.6 | L19: =Fork!S180 -> 1983089.6 | M19: =Fork!T180 -> 4556697.3
B20: 10 | C20: =Fork!V144 -> 1083518.1 | D20: =Fork!W144 -> 1087144.6 | E20: =Fork!X144 -> 400235.77 | F20: =Fork!Y144 -> 939460 | I20: 10 | J20: =Fork!V180 -> 4555716.2 | K20: =Fork!W180 -> 4872267.1 | L20: =Fork!X180 -> 1951863.9 | M20: =Fork!Y180 -> 4475665.5

Sheet OpenMP
B3: ClasicaOpenMP | G3: ClasicaOpenMP | L3: ClasicaOpenMP | Q3: ClasicaOpenMP | V3: ClasicaOpenMP
B4: Tamaño Matriz: 50 Hilos:1 | G4: Tamaño Matriz:50 Hilos:2 | L4: Tamaño Matriz:50 Hilos:4 | Q4: Tamaño Matriz:50 Hilos:8 | V4: Tamaño Matriz:50 Hilos:10
B5: VM Javeriana Ubuntu 4 hilos | C5: Replit 8 hilos | D5: Subsistema de Windows para Linux (Ubuntu) 12 hilos | E5: Subsistema de Windows para Linux (Ubuntu) 16 hilos | G5: VM Javeriana Ubuntu 4 hilos | H5: Replit 8 hilos | I5: Subsistema de Windows para Linux (Ubuntu) 12 hilos | J5: Subsistema de Windows para Linux (Ubuntu) 16 hilos | L5: VM Javeriana Ubuntu 4 hilos | M5: Replit 8 hilos | N5: Subsistema de Windows para Linux (Ubuntu) 12 hilos | O5: Subsistema de Windows para Linux (Ubuntu) 16 hilos | Q5: VM Javeriana Ubuntu 4 hilos | R5: Replit 8 hilos | S5: Subsistema de Windows para Linux (Ubuntu) 12 hilos | T5: Subsistema de Windows para Linux (Ubuntu) 16 hilos | V5: VM Javeriana Ubuntu 4 hilos | W5: Replit 8 hilos | X5: Subsistema de Windows para Linux (Ubuntu) 12 hilos | Y5: Subsistema de Windows para Linux (Ubuntu) 16 hilos
B6: 558 | C6: 70 | D6: 265 | E6: 334 | G6: 417 | H6: 184 | I6: 989 | J6: 520 | L6: 241 | M6: 9591 | N6: 1033 | O6: 784 | Q6: 438 | R6: 359 | S6: 939 | T6: 1058 | V6: 717 | W6: 369 | X6: 1366 | Y6: 1382
B7: 1241 | C7: 69 | D7: 273 | E7: 332 | G7: 416 | H7: 105 | I7: 1027 | J7: 461 | L7: 226 | M7: 356 | N7: 906 | O7: 805 | Q7: 431 | R7: 2362 | S7: 1011 | T7: 837 | V7: 549 | W7: 377 | X7: 1462 | Y7: 1219
B8: 866 | C8: 69 | D8: 324 | E8: 355 | G8: 339 | H8: 1668 | I8: 389 | J8: 564 | L8: 234 | M8: 193 | N8: 1022 | O8: 620 | Q8: 368 | R8: 647 | S8: 2814 | T8: 1062 | V8: 587 | W8: 409 | X8: 2906 | Y8: 1257
B9: 746 | C9: 71 | D9: 295 | E9: 357 | G9: 347 | H9: 150 | I9: 384 | J9: 649 | L9: 286 | M9: 860 | N9: 941 | O9: 923 | Q9: 559 | R9: 395 | S9: 2059 | T9: 724 | V9: 685 | W9: 378 | X9: 1053 | Y9: 1371
B10: 550 | C10: 94 | D10: 255 | E10: 333 | G10: 350 | H10: 117 | I10: 705 | J10: 520 | L10: 233 | M10: 1889 | N10: 1318 | O10: 603 | Q10: 495 | R10: 880 | S10: 985 | T10: 703 | V10: 625 | W10: 390 | X10: 1191 | Y10: 1131
B11: 926 | C11: 103 | D11: 253 | E11: 333 | G11: 300 | H11: 113 | I11: 3470 | J11: 577 | L11: 5671 | M11: 1796 | N11: 959 | O11: 580 | Q11: 1017 | R11: 311 | S11: 1304 | T11: 845 | V11: 2206 | W11: 403 | X11: 1760 | Y11: 1086
B12: 466 | C12: 69 | D12: 269 | E12: 340 | G12: 336 | H12: 622 | I12: 384 | J12: 457 | L12: 3103 | M12: 2835 | N12: 1531 | O12: 724 | Q12: 2663 | R12: 376 | S12: 1020 | T12: 1316 | V12: 538 | W12: 466 | X12: 1230 | Y12: 1075
B13: 462 | C13: 74 | D13: 253 | E13: 513 | G13: 311 | H13: 809 | I13: 399 | J13: 696 | L13: 308 | M13: 268 | N13: 911 | O13: 757 | Q13: 738 | R13: 410 | S13: 1175 | T13: 1539 | V13: 582 | W13: 361 | X13: 1437 | Y13: 1258
B14: 462 | C14: 75 | D14: 252 | E14: 336 | G14: 285 | H14: 324 | I14: 3395 | J14: 644 | L14: 333 | M14: 181 | N14: 901 | O14: 580 | Q14: 794 | R14: 814 | S14: 1066 | T14: 789 | V14: 651 | W14: 353 | X14: 1401 | Y14: 1398
B15: 460 | C15: 84 | D15: 252 | E15: 336 | G15: 306 | H15: 348 | I15: 300 | J15: 672 | L15: 239 | M15: 154 | N15: 712 | O15: 692 | Q15: 788 | R15: 410 | S15: 3272 | T15: 1409 | V15: 616 | W15: 413 | X15: 5029 | Y15: 1864
B16: 521 | C16: 69 | D16: 254 | E16: 379 | G16: 291 | H16: 468 | I16: 381 | J16: 666 | L16: 235 | M16: 1929 | N16: 926 | O16: 526 | Q16: 669 | R16: 389 | S16: 981 | T16: 1709 | V16: 670 | W16: 413 | X16: 4166 | Y16: 1125
B17: 653 | C17: 70 | D17: 253 | E17: 338 | G17: 309 | H17: 225 | I17: 328 | J17: 785 | L17: 248 | M17: 1541 | N17: 940 | O17: 643 | Q17: 916 | R17: 524 | S17: 3041 | T17: 919 | V17: 627 | W17: 543 | X17: 2145 | Y17: 1063
... B35: 655 | C35: 73 | D35: 251 | E35: 338 | G35: 403 | H35: 134 | I35: 180 | J35: 373 | L35: 234 | M35: 151 | N35: 1449 | O35: 528 | Q35: 475 | R35: 339 | S35: 1181 | T35: 1205 | V35: 685 | W35: 535 | X35: 2835 | Y35: 1202
A36: Promedio | B36: =AVERAGE(B6:B35) -> 574.73333 | C36: =AVERAGE(C6:C35) -> 77.133333 | D36: =AVERAGE(D6:D35) -> 257.93333 | E36: =AVERAGE(E6:E35) -> 346.13333 | G36: =AVERAGE(G6:G35) -> 376.73333 | H36: =AVERAGE(H6:H35) -> 432.6 | I36: 168 | J36: =AVERAGE(J6:J35) -> 577.76667 | L36: =AVERAGE(L6:L35) -> 832.13333 | M36: =AVERAGE(M6:M35) -> 1354 | N36: 229 | O36: =AVERAGE(O6:O35) -> 662.53333 | Q36: =AVERAGE(Q6:Q35) -> 700.7 | R36: =AVERAGE(R6:R35) -> 466.93333 | S36: 448 | T36: =AVERAGE(T6:T35) -> 1169.0333 | V36: =AVERAGE(V6:V35) -> 710.53333 | W36: =AVERAGE(W6:W35) -> 590.16667 | X36: 430 | Y36: =AVERAGE(Y6:Y35) -> 1366.1333
B39: ClasicaOpenMP | G39: ClasicaOpenMP | L39: ClasicaOpenMP | Q39: ClasicaOpenMP | V39: ClasicaOpenMP
B40: Tamaño Matriz: 100 Hilos:1 | G40: Tamaño Matriz:100 Hilos:2 | L40: Tamaño Matriz:100 Hilos:4 | Q40: Tamaño Matriz:100 Hilos:8 | V40: Tamaño Matriz:100 Hilos:10
B41: VM Javeriana Ubuntu 4 hilos | C41: Replit 8 hilos | D41: Subsistema de Windows para Linux (Ubuntu) 12 hilos | E41: Subsistema de Windows para Linux (Ubuntu) 16 hilos | G41: VM Javeriana Ubuntu 4 hilos | H41: Replit 8 hilos | I41: Subsistema de Windows para Linux (Ubuntu) 12 hilos | J41: Subsistema de Windows para Linux (Ubuntu) 16 hilos | L41: VM Javeriana Ubuntu 4 hilos | M41: Replit 8 hilos | N41: Subsistema de Windows para Linux (Ubuntu) 12 hilos | O41: Subsistema de Windows para Linux (Ubuntu) 16 hilos | Q41: VM Javeriana Ubuntu 4 hilos | R41: Replit 8 hilos | S41: Subsistema de Windows para Linux (Ubuntu) 12 hilos | T41: Subsistema de Windows para Linux (Ubuntu) 16 hilos | V41: VM Javeriana Ubuntu 4 hilos | W41: Replit 8 hilos | X41: Subsistema de Windows para Linux (Ubuntu) 12 hilos | Y41: Subsistema de Windows para Linux (Ubuntu) 16 hilos
B42: 3892 | C42: 730 | D42: 2164 | E42: 3699 | G42: 4627 | H42: 383 | I42: 2135 | J42: 2189 | L42: 5023 | M42: 322 | N42: 18817 | O42: 2120 | Q42: 2273 | R42: 1239 | S42: 20755 | T42: 1939 | V42: 1479 | W42: 707 | X42: 689 | Y42: 1828
B43: 3823 | C43: 630 | D43: 2201 | E43: 3406 | G43: 2743 | H43: 376 | I43: 2625 | J43: 1713 | L43: 3422 | M43: 1128 | N43: 19418 | O43: 2046 | Q43: 2116 | R43: 955 | S43: 20212 | T43: 1643 | V43: 1514 | W43: 911 | X43: 653 | Y43: 1786
B44: 3827 | C44: 740 | D44: 2220 | E44: 3191 | G44: 2207 | H44: 407 | I44: 2111 | J44: 1704 | L44: 7470 | M44: 273 | N44: 19801 | O44: 1943 | Q44: 2044 | R44: 680 | S44: 18858 | T44: 2193 | V44: 1476 | W44: 567 | X44: 592 | Y44: 1754
B45: 3854 | C45: 777 | D45: 2149 | E45: 2921 | G45: 1958 | H45: 370 | I45: 2346 | J45: 1733 | L45: 2384 | M45: 4792 | N45: 20017 | O45: 1537 | Q45: 1973 | R45: 1083 | S45: 17825 | T45: 1893 | V45: 1758 | W45: 558 | X45: 672 | Y45: 1743
B46: 3748 | C46: 641 | D46: 2183 | E46: 3166 | G46: 1958 | H46: 346 | I46: 2012 | J46: 2553 | L46: 1103 | M46: 6032 | N46: 16602 | O46: 2436 | Q46: 1698 | R46: 960 | S46: 16636 | T46: 1893 | V46: 2216 | W46: 659 | X46: 629 | Y46: 1633
B47: 3789 | C47: 686 | D47: 2177 | E47: 3308 | G47: 1976 | H47: 458 | I47: 2656 | J47: 2262 | L47: 1128 | M47: 2854 | N47: 2955 | O47: 1779 | Q47: 1678 | R47: 878 | S47: 20027 | T47: 1766 | V47: 1860 | W47: 494 | X47: 717 | Y47: 1639
B48: 4148 | C48: 1672 | D48: 2299 | E48: 3079 | G48: 4198 | H48: 418 | I48: 2377 | J48: 2273 | L48: 1101 | M48: 897 | N48: 8049 | O48: 2056 | Q48: 1269 | R48: 675 | S48: 18020 | T48: 1917 | V48: 1649 | W48: 709 | X48: 652 | Y48: 1736
B49: 4099 | C49: 867 | D49: 2188 | E49: 3057 | G49: 3370 | H49: 395 | I49: 2824 | J49: 2705 | L49: 1176 | M49: 5682 | N49: 13421 | O49: 2235 | Q49: 1707 | R49: 511 | S49: 686 | T49: 1772 | V49: 1575 | W49: 624 | X49: 838 | Y49: 1720
B50: 5589 | C50: 702 | D50: 2201 | E50: 2805 | G50: 2202 | H50: 411 | I50: 2742 | J50: 2367 | L50: 1807 | M50: 4216 | N50: 19373 | O50: 1906 | Q50: 1856 | R50: 506 | S50: 837 | T50: 1744 | V50: 1610 | W50: 567 | X50: 661 | Y50: 2086
B51: 3802 | C51: 560 | D51: 2171 | E51: 2862 | G51: 2388 | H51: 365 | I51: 26767 | J51: 2362 | L51: 1730 | M51: 4402 | N51: 18941 | O51: 2291 | Q51: 1645 | R51: 521 | S51: 769 | T51: 1834 | V51: 1500 | W51: 578 | X51: 621 | Y51: 2019
B52: 3840 | C52: 603 | D52: 2091 | E52: 2948 | G52: 2585 | H52: 480 | I52: 2092 | J52: 2679 | L52: 1096 | M52: 3741 | N52: 718 | O52: 1997 | Q52: 1241 | R52: 433 | S52: 626 | T52: 1705 | V52: 1488 | W52: 556 | X52: 644 | Y52: 2144
B53: 3829 | C53: 593 | D53: 2102 | E53: 2788 | G53: 2041 | H53: 438 | I53: 2394 | J53: 2906 | L53: 1092 | M53: 656 | N53: 687 | O53: 1877 | Q53: 1263 | R53: 519 | S53: 615 | T53: 1967 | V53: 1457 | W53: 785 | X53: 705 | Y53: 1803
... B71: 3746 | C71: 583 | D71: 2033 | E71: 2964 | G71: 2022 | H71: 345 | I71: 1047 | J71: 2619 | L71: 2397 | M71: 1959 | N71: 805 | O71: 1475 | Q71: 1294 | R71: 708 | S71: 761 | T71: 1384 | V71: 1557 | W71: 965 | X71: 659 | Y71: 1587
A72: Promedio | B72: =AVERAGE(B42:B71) -> 4236.0333 | C72: =AVERAGE(C42:C71) -> 680.56667 | D72: 1907 | E72: =AVERAGE(E42:E71) -> 3094.3 | G72: =AVERAGE(G42:G71) -> 2920.7667 | H72: =AVERAGE(H42:H71) -> 459.5 | I72: 1078 | J72: =AVERAGE(J42:J71) -> 2271.0667 | L72: =AVERAGE(L42:L71) -> 1913.5 | M72: =AVERAGE(M42:M71) -> 3501.5 | N72: 674 | O72: =AVERAGE(O42:O71) -> 1904.2333 | Q72: =AVERAGE(Q42:Q71) -> 1657.4667 | R72: =AVERAGE(R42:R71) -> 963.13333 | S72: 707 | T72: =AVERAGE(T42:T71) -> 1791.6667 | V72: =AVERAGE(V42:V71) -> 1717.2667 | W72: =AVERAGE(W42:W71) -> 692.76667 | X72: =AVERAGE(X42:X71) -> 713.4 | Y72: =AVERAGE(Y42:Y71) -> 2043.3667
B75: ClasicaOpenMP | G75: ClasicaOpenMP | L75: ClasicaOpenMP | Q75: ClasicaOpenMP | V75: ClasicaOpenMP
B76: Tamaño Matriz: 500 Hilos:1 | G76: Tamaño Matriz:500 Hilos:2 | L76: Tamaño Matriz:500 Hilos:4 | Q76: Tamaño Matriz:500 Hilos:8 | V76: Tamaño Matriz:500 Hilos:10
B77: VM Javeriana Ubuntu 4 hilos | C77: Replit 8 hilos | D77: Subsistema de Windows para Linux (Ubuntu) 12 hilos | E77: Subsistema de Windows para Linux (Ubuntu) 16 hilos | G77: VM Javeriana Ubuntu 4 hilos | H77: Replit 8 hilos | I77: Subsistema de Windows para Linux (Ubuntu) 12 hilos | J77: Subsistema de Windows para Linux (Ubuntu) 16 hilos | L77: VM Javeriana Ubuntu 4 hilos | M77: Replit 8 hilos | N77: Subsistema de Windows para Linux (Ubuntu) 12 hilos | O77: Subsistema de Windows para Linux (Ubuntu) 16 hilos | Q77: VM Javeriana Ubuntu 4 hilos | R77: Replit 8 hilos | S77: Subsistema de Windows para Linux (Ubuntu) 12 hilos | T77: Subsistema de Windows para Linux (Ubuntu) 16 hilos | V77: VM Javeriana Ubuntu 4 hilos | W77: Replit 8 hilos | X77: Subsistema de Windows para Linux (Ubuntu) 12 hilos | Y77: Subsistema de Windows para Linux (Ubuntu) 16 hilos
B78: 478013 | C78: 118663 | D78: 236268 | E78: 525766 | G78: 268586 | H78: 113065 | I78: 119211 | J78: 307605 | L78: 6964609 | M78: 95601 | N78: 82501 | O78: 165695 | Q78: 7151184 | R78: 170656 | S78: 48179 | T78: 141806 | V78: 6599932 | W78: 122661 | X78: 39959 | Y78: 81097
B79: 496169 | C79: 109103 | D79: 236615 | E79: 584568 | G79: 249357 | H79: 99602 | I79: 119830 | J79: 335648 | L79: 130461 | M79: 165847 | N79: 81749 | O79: 170189 | Q79: 128983 | R79: 98629 | S79: 48187 | T79: 112976 | V79: 123867 | W79: 139899 | X79: 42198 | Y79: 87765
B80: 485555 | C80: 110300 | D80: 230445 | E80: 530780 | G80: 248978 | H80: 152260 | I80: 116263 | J80: 331681 | L80: 124403 | M80: 109916 | N80: 90695 | O80: 172747 | Q80: 153778 | R80: 101089 | S80: 46931 | T80: 111524 | V80: 128904 | W80: 95449 | X80: 38524 | Y80: 88451
B81: 477279 | C81: 119608 | D81: 239676 | E81: 532769 | G81: 286108 | H81: 96995 | I81: 128238 | J81: 362906 | L81: 144485 | M81: 167859 | N81: 78832 | O81: 158688 | Q81: 133405 | R81: 102726 | S81: 42618 | T81: 108681 | V81: 130235 | W81: 96696 | X81: 46943 | Y81: 83985
B82: 481344 | C82: 123493 | D82: 237233 | E82: 525875 | G82: 243144 | H82: 174855 | I82: 119024 | J82: 302785 | L82: 132179 | M82: 94305 | N82: 73907 | O82: 178423 | Q82: 122330 | R82: 103069 | S82: 46657 | T82: 107951 | V82: 126888 | W82: 178390 | X82: 40537 | Y82: 82870
B83: 479966 | C83: 119615 | D83: 229627 | E83: 545063 | G83: 247703 | H83: 100867 | I83: 119729 | J83: 321037 | L83: 136659 | M83: 177930 | N83: 73400 | O83: 210137 | Q83: 124368 | R83: 111198 | S83: 49095 | T83: 137940 | V83: 129834 | W83: 97020 | X83: 41273 | Y83: 82152
B84: 476569 | C84: 117408 | D84: 227436 | E84: 517877 | G84: 243508 | H84: 105934 | I84: 119876 | J84: 315357 | L84: 125712 | M84: 179898 | N84: 79006 | O84: 175830 | Q84: 122099 | R84: 103973 | S84: 47605 | T84: 126650 | V84: 127053 | W84: 123365 | X84: 62597 | Y84: 84199
B85: 486282 | C85: 108513 | D85: 231874 | E85: 540683 | G85: 271128 | H85: 101981 | I85: 116684 | J85: 346025 | L85: 124355 | M85: 105888 | N85: 79779 | O85: 194964 | Q85: 130150 | R85: 80807 | S85: 46719 | T85: 113769 | V85: 126842 | W85: 94742 | X85: 44687 | Y85: 82423
B86: 482659 | C86: 115815 | D86: 238603 | E86: 518313 | G86: 257717 | H86: 108973 | I86: 130106 | J86: 316835 | L86: 134850 | M86: 96689 | N86: 74980 | O86: 177230 | Q86: 123498 | R86: 103063 | S86: 47951 | T86: 113865 | V86: 124137 | W86: 99877 | X86: 41602 | Y86: 84806
B87: 485877 | C87: 110177 | D87: 253195 | E87: 587189 | G87: 247609 | H87: 99276 | I87: 119046 | J87: 270512 | L87: 134262 | M87: 105126 | N87: 84382 | O87: 190000 | Q87: 131645 | R87: 91306 | S87: 47055 | T87: 112664 | V87: 129394 | W87: 161585 | X87: 47189 | Y87: 81887
B88: 490819 | C88: 109236 | D88: 246720 | E88: 571315 | G88: 243145 | H88: 98548 | I88: 128281 | J88: 267257 | L88: 130767 | M88: 178623 | N88: 84150 | O88: 151538 | Q88: 130218 | R88: 104508 | S88: 47514 | T88: 94313 | V88: 127194 | W88: 87582 | X88: 41763 | Y88: 79152
B89: 476984 | C89: 111202 | D89: 244722 | E89: 792509 | G89: 247773 | H89: 105269 | I89: 125208 | J89: 336928 | L89: 131861 | M89: 95784 | N89: 78941 | O89: 183896 | Q89: 127660 | R89: 96638 | S89: 48476 | T89: 91545 | V89: 125515 | W89: 103911 | X89: 42443 | Y89: 89646
... B107: 496230 | C107: 120778 | D107: 230121 | E107: 558581 | G107: 247393 | H107: 100281 | I107: 132777 | J107: 276782 | L107: 127899 | M107: 106787 | N107: 84945 | O107: 226204 | Q107: 123446 | R107: 152199 | S107: 44557 | T107: 97350 | V107: 126609 | W107: 104690 | X107: 39870 | Y107: 103895
A108: Promedio | B108: =AVERAGE(B78:B107) -> 484101 | C108: =AVERAGE(C78:C107) -> 115084.53 | D108: =AVERAGE(D78:D107) -> 242046.93 | E108: =AVERAGE(E78:E107) -> 599782.03 | G108: =AVERAGE(G78:G107) -> 254878.1 | H108: =AVERAGE(H78:H107) -> 114101.03 | I108: =AVERAGE(I78:I107) -> 122834.13 | J108: =AVERAGE(J78:J107) -> 303497.87 | L108: =AVERAGE(L78:L107) -> 357137.07 | M108: =AVERAGE(M78:M107) -> 133641.8 | N108: =AVERAGE(N78:N107) -> 78625.667 | O108: =AVERAGE(O78:O107) -> 188760 | Q108: =AVERAGE(Q78:Q107) -> 362235.6 | R108: =AVERAGE(R78:R107) -> 115451.33 | S108: =AVERAGE(S78:S107) -> 49512.567 | T108: =AVERAGE(T78:T107) -> 109972.9 | V108: =AVERAGE(V78:V107) -> 341844 | W108: =AVERAGE(W78:W107) -> 122604.6 | X108: =AVERAGE(X78:X107) -> 41767.9 | Y108: =AVERAGE(Y78:Y107) -> 85268.333
B111: ClasicaOpenMP | G111: ClasicaOpenMP | L111: ClasicaOpenMP | Q111: ClasicaOpenMP | V111: ClasicaOpenMP
B112: Tamaño Matriz: 1000 Hilos:1 | G112: Tamaño Matriz:1000 Hilos:2 | L112: Tamaño Matriz:1000 Hilos:4 | Q112: Tamaño Matriz:1000 Hilos:8 | V112: Tamaño Matriz:50 Hilos:10
B113: VM Javeriana Ubuntu 4 hilos | C113: Replit 8 hilos | D113: Subsistema de Windows para Linux (Ubuntu) 12 hilos | E113: Subsistema de Windows para Linux (Ubuntu) 16 hilos | G113: VM Javeriana Ubuntu 4 hilos | H113: Replit 8 hilos | I113: Subsistema de Windows para Linux (Ubuntu) 12 hilos | J113: Subsistema de Windows para Linux (Ubuntu) 16 hilos | L113: VM Javeriana Ubuntu 4 hilos | M113: Replit 8 hilos | N113: Subsistema de Windows para Linux (Ubuntu) 12 hilos | O113: Subsistema de Windows para Linux (Ubuntu) 16 hilos | Q113: VM Javeriana Ubuntu 4 hilos | R113: Replit 8 hilos | S113: Subsistema de Windows para Linux (Ubuntu) 12 hilos | T113: Subsistema de Windows para Linux (Ubuntu) 16 hilos | V113: VM Javeriana Ubuntu 4 hilos | W113: Replit 8 hilos | X113: Subsistema de Windows para Linux (Ubuntu) 12 hilos | Y113: Subsistema de Windows para Linux (Ubuntu) 16 hilos
B114: 4848835 | C114: 1132429 | D114: 2229676 | E114: 4722257 | G114: 2354027 | H114: 917655 | I114: 1236490 | J114: 2594598 | L114: 1068923 | M114: 1055221 | N114: 720435 | O114: 1594438 | Q114: 1011140 | R114: 1092220 | S114: 457901 | T114: 1195026 | V114: 1024238 | W114: 1083107 | X114: 381274 | Y114: 1062582
B115: 4879528 | C115: 1133749 | D115: 2244039 | E115: 4693213 | G115: 2265387 | H115: 1063364 | I115: 1288825 | J115: 2603860 | L115: 1060897 | M115: 1042199 | N115: 708973 | O115: 1720196 | Q115: 1034391 | R115: 958716 | S115: 477965 | T115: 1221174 | V115: 1206231 | W115: 1038372 | X115: 380681 | Y115: 1085102
B116: 4846800 | C116: 1242011 | D116: 2162992 | E116: 4621475 | G116: 2328225 | H116: 895174 | I116: 1214350 | J116: 2583268 | L116: 1043933 | M116: 1022881 | N116: 717725 | O116: 1745054 | Q116: 1026211 | R116: 1005078 | S116: 456298 | T116: 1235647 | V116: 1027145 | W116: 1081986 | X116: 398722 | Y116: 1191850
B117: 4901453 | C117: 1414729 | D117: 2136052 | E117: 4405422 | G117: 2580271 | H117: 905534 | I117: 1262929 | J117: 458943 | L117: 1117894 | M117: 978029 | N117: 683736 | O117: 1724286 | Q117: 1026917 | R117: 1006061 | S117: 465742 | T117: 1162604 | V117: 1041926 | W117: 1062172 | X117: 397046 | Y117: -607420
B118: 4829206 | C118: 1073488 | D118: 2281175 | E118: 2500414 | G118: 2556166 | H118: 973837 | I118: 1194825 | J118: 2426073 | L118: 1052793 | M118: 996906 | N118: 672676 | O118: 1578459 | Q118: 1063869 | R118: 1034189 | S118: 485533 | T118: 1130391 | V118: 1083976 | W118: 1072678 | X118: 405244 | Y118: 1208415
B119: 4777591 | C119: 1182987 | D119: 2188767 | E119: 4516626 | G119: 2475190 | H119: 951063 | I119: 1329758 | J119: 2481983 | L119: 1046558 | M119: 967228 | N119: 689474 | O119: 1755960 | Q119: 1038284 | R119: 1089211 | S119: 466834 | T119: 1258824 | V119: 1056327 | W119: 1060276 | X119: 399872 | Y119: 1299245
B120: 4909237 | C120: 1002370 | D120: 2233865 | E120: 4529621 | G120: 2289140 | H120: 950710 | I120: 1329830 | J120: 2511803 | L120: 1098168 | M120: 1077124 | N120: 691810 | O120: 1650611 | Q120: 1037374 | R120: 1083112 | S120: 428068 | T120: 1295257 | V120: 1028777 | W120: 983498 | X120: 402469 | Y120: 1311658
B121: 4812030 | C121: 959977 | D121: 2262853 | E121: 4595856 | G121: 2327388 | H121: 973250 | I121: 1258762 | J121: 2509127 | L121: 1041655 | M121: 1068329 | N121: 732067 | O121: 1750091 | Q121: 1032702 | R121: 1150096 | S121: 432638 | T121: -844729 | V121: 1017598 | W121: 1088158 | X121: 404092 | Y121: 1287922
B122: 5283898 | C122: 960924 | D122: 2322376 | E122: 4622390 | G122: 2432496 | H122: 893739 | I122: 1307525 | J122: 2525051 | L122: 1095906 | M122: 1058488 | N122: 717122 | O122: 1779798 | Q122: 1007267 | R122: 1075020 | S122: 462151 | T122: 1244691 | V122: 1100673 | W122: 1008776 | X122: 408255 | Y122: 1344157
B123: 4959152 | C123: 941847 | D123: 2095518 | E123: 4518900 | G123: 2394944 | H123: 912560 | I123: 1202434 | J123: 2591548 | L123: 1081156 | M123: 1031588 | N123: 713927 | O123: 1802483 | Q123: 1047476 | R123: 1097725 | S123: 487574 | T123: 1184241 | V123: 1161330 | W123: 1019697 | X123: 407557 | Y123: 1191699
B124: 4992773 | C124: 943906 | D124: 2202368 | E124: 4537874 | G124: 2346064 | H124: 931150 | I124: 1226610 | J124: 2637959 | L124: 1059674 | M124: 992881 | N124: 695319 | O124: 1500122 | Q124: 1014732 | R124: 1098875 | S124: 442261 | T124: 1254270 | V124: 1033515 | W124: 1083240 | X124: 394393 | Y124: 1271862
B125: 4829567 | C125: 949468 | D125: 2276570 | E125: 2570117 | G125: 2335748 | H125: 929369 | I125: 1277691 | J125: 2468827 | L125: 1035581 | M125: 1053497 | N125: 709311 | O125: 1658534 | Q125: 1020167 | R125: 1100088 | S125: 475179 | T125: 1173634 | V125: 1042862 | W125: 1075443 | X125: 400371 | Y125: 1241607
... B143: 4835909 | C143: 965508 | D143: 2202500 | E143: 4848055 | G143: 2345778 | H143: 943550 | I143: 1151396 | J143: 2608640 | L143: 1075023 | M143: 1039308 | N143: 730396 | O143: 1705599 | Q143: 1085225 | R143: 1067054 | S143: 458280 | T143: 1140178 | V143: 1069365 | W143: 1068600 | X143: 399430 | Y143: -972278
A144: Promedio | B144: =AVERAGE(B114:B143) -> 4916429.9 | C144: =AVERAGE(C114:C143) -> 1002872.2 | D144: =AVERAGE(D114:D143) -> 2258262 | E144: =AVERAGE(E114:E143) -> 4412261.4 | G144: =AVERAGE(G114:G143) -> 2440560.1 | H144: =AVERAGE(H114:H143) -> 958215.93 | I144: =AVERAGE(I114:I143) -> 1227186.4 | J144: =AVERAGE(J114:J143) -> 2330266.6 | L144: =AVERAGE(L114:L143) -> 1073268.6 | M144: =AVERAGE(M114:M143) -> 1019348 | N144: =AVERAGE(N114:N143) -> 704286.93 | O144: =AVERAGE(O114:O143) -> 1597333.7 | Q144: =AVERAGE(Q114:Q143) -> 1067126 | R144: =AVERAGE(R114:R143) -> 1064334.4 | S144: =AVERAGE(S114:S143) -> 454524.77 | T144: =AVERAGE(T114:T143) -> 1120623.5 | V144: =AVERAGE(V114:V143) -> 1053042.9 | W144: =AVERAGE(W114:W143) -> 1058403.3 | X144: =AVERAGE(X114:X143) -> 396629.97 | Y144: =AVERAGE(Y114:Y143) -> 1041796.3
B147: ClasicaOpenMP | G147: ClasicaOpenMP | L147: ClasicaOpenMP | Q147: ClasicaOpenMP | V147: ClasicaOpenMP
B148: Tamaño Matriz: 1500 Hilos:1 | G148: Tamaño Matriz:1500 Hilos:2 | L148: Tamaño Matriz:50 Hilos:4 | Q148: Tamaño Matriz:1500 Hilos:8 | V148: Tamaño Matriz:1500 Hilos:10
B149: VM Javeriana Ubuntu 4 hilos | C149: Replit 8 hilos | D149: Subsistema de Windows para Linux (Ubuntu) 12 hilos | E149: Subsistema de Windows para Linux (Ubuntu) 16 hilos | G149: VM Javeriana Ubuntu 4 hilos | H149: Replit 8 hilos | I149: Subsistema de Windows para Linux (Ubuntu) 12 hilos | J149: Subsistema de Windows para Linux (Ubuntu) 16 hilos | L149: VM Javeriana Ubuntu 4 hilos | M149: Replit 8 hilos | N149: Subsistema de Windows para Linux (Ubuntu) 12 hilos | O149: Subsistema de Windows para Linux (Ubuntu) 16 hilos | Q149: VM Javeriana Ubuntu 4 hilos | R149: Replit 8 hilos | S149: Subsistema de Windows para Linux (Ubuntu) 12 hilos | T149: Subsistema de Windows para Linux (Ubuntu) 16 hilos | V149: VM Javeriana Ubuntu 4 hilos | W149: Replit 8 hilos | X149: Subsistema de Windows para Linux (Ubuntu) 12 hilos | Y149: Subsistema de Windows para Linux (Ubuntu) 16 hilos
B150: 21877556 | C150: 5593390 | D150: 8958017 | E150: 23069523 | G150: 9927595 | H150: 4966468 | I150: 4836517 | J150: 10890196 | L150: 5181669 | M150: 4710782 | N150: 2709466 | O150: 4951370 | Q150: 4167990 | R150: 4901135 | S150: 1902939 | T150: 5605764 | V150: 3900272 | W150: 4802154 | X150: 1759599 | Y150: 4973048
B151: 21658967 | C151: 5469575 | D151: 8682581 | E151: 18568264 | G151: 10678294 | H151: 5281792 | I151: 4856490 | J151: 9078361 | L151: 5488904 | M151: 4623948 | N151: 2890423 | O151: 7397894 | Q151: 4008459 | R151: 5037344 | S151: 1997102 | T151: 5550424 | V151: 4241542 | W151: 4841621 | X151: 1728859 | Y151: 5505949
B152: 19276181 | C152: 5522648 | D152: 8584096 | E152: 19790532 | G152: 9961947 | H152: 4883396 | I152: 4862796 | J152: 11316086 | L152: 5281847 | M152: 4751487 | N152: 2798130 | O152: 7335538 | Q152: 4137234 | R152: 4720210 | S152: 1877694 | T152: 3165288 | V152: 4107299 | W152: 4834834 | X152: 1780147 | Y152: 3403745
B153: 19181030 | C153: 5712884 | D153: 8755737 | E153: 22427825 | G153: 9055367 | H153: 4897535 | I153: 4812214 | J153: 10852297 | L153: 5148431 | M153: 4733647 | N153: 3395357 | O153: 7475811 | Q153: 4066351 | R153: 4833744 | S153: 1899520 | T153: 5293498 | V153: 4227862 | W153: 4747683 | X153: 1757425 | Y153: 5384962
B154: 20201671 | C154: 5715115 | D154: 9001703 | E154: 20744837 | G154: 9378463 | H154: 4909630 | I154: 4733919 | J154: 9213997 | L154: 5139591 | M154: 4565105 | N154: 3012081 | O154: 7307365 | Q154: 4145175 | R154: 4818380 | S154: 1909307 | T154: 5173240 | V154: 4301841 | W154: 4855834 | X154: 1763350 | Y154: 5383543
B155: 22083137 | C155: 5991485 | D155: 8642679 | E155: 19368461 | G155: 9493889 | H155: 4820499 | I155: 4760852 | J155: 11257230 | L155: 5225479 | M155: 4691474 | N155: 2856462 | O155: 4872035 | Q155: 3972723 | R155: 4815653 | S155: 1902759 | T155: 5275267 | V155: 4407099 | W155: 4912085 | X155: 1803982 | Y155: 5098178
B156: 20958788 | C156: 5618296 | D156: 8581237 | E156: 23168311 | G156: 10511734 | H156: 5115618 | I156: 4817037 | J156: 10742066 | L156: 5150599 | M156: 4658539 | N156: 2841324 | O156: 7328323 | Q156: 4084315 | R156: 4700565 | S156: 1867098 | T156: 5104049 | V156: 4376289 | W156: 4839394 | X156: 1737447 | Y156: 5303351
B157: 19265003 | C157: 5845036 | D157: 8699915 | E157: 27487919 | G157: 10535525 | H157: 4772806 | I157: 4976632 | J157: 8744452 | L157: 5135276 | M157: 4552310 | N157: 2737422 | O157: 7092423 | Q157: 3961455 | R157: 4850925 | S157: 1947987 | T157: 5198309 | V157: 4500580 | W157: 4744317 | X157: 1836192 | Y157: 5464534
B158: 20718445 | C158: 5276111 | D158: 8847245 | E158: 22422079 | G158: 10400306 | H158: 4909207 | I158: 4852354 | J158: 10933360 | L158: 5510484 | M158: 4937408 | N158: 2911233 | O158: 7012962 | Q158: 4025353 | R158: 4911674 | S158: 1976009 | T158: 3065366 | V158: 4269480 | W158: 4813156 | X158: 1829095 | Y158: 3004199
B159: 18626640 | C159: 5653719 | D159: 8767640 | E159: 19856165 | G159: 10010791 | H159: 5132909 | I159: 4940220 | J159: 10584086 | L159: 5271678 | M159: 4366185 | N159: 3052866 | O159: 5156583 | Q159: 3954162 | R159: 4820561 | S159: 2462685 | T159: 5063646 | V159: 4596348 | W159: 4868206 | X159: 1752245 | Y159: 5041288
B160: 19997842 | C160: 5269643 | D160: 8763740 | E160: 23787690 | G160: 9462604 | H160: 4984131 | I160: 4802551 | J160: 9240203 | L160: 5165411 | M160: 4582162 | N160: 2831583 | O160: 7635033 | Q160: 3896598 | R160: 4756095 | S160: 1887090 | T160: 5418922 | V160: 4319461 | W160: 4674768 | X160: 1827978 | Y160: 5267951
B161: 20107944 | C161: 5267864 | D161: 9095479 | E161: 23648948 | G161: 9586148 | H161: 4804773 | I161: 4908307 | J161: 15124280 | L161: 4835594 | M161: 4690537 | N161: 2913465 | O161: 8339115 | Q161: 3840761 | R161: 4764959 | S161: 1955612 | T161: 5342864 | V161: 4402131 | W161: 4792189 | X161: 1720453 | Y161: 5375781
... B179: 20164585 | C179: 5290198 | D179: 9188458 | E179: 18316846 | G179: 10643576 | H179: 4822903 | I179: 4789763 | J179: 12220327 | L179: 5124497 | M179: 4492623 | N179: 2834417 | O179: 7104862 | Q179: 3950926 | R179: 4698438 | S179: 1845645 | T179: 5119360 | V179: 4449953 | W179: 5095036 | X179: 1768218 | Y179: 5015050
A180: Promedio | B180: =AVERAGE(B150:B179) -> 20248774 | C180: =AVERAGE(C150:C179) -> 5420694.4 | D180: =AVERAGE(D150:D179) -> 8806190.6 | E180: =AVERAGE(E150:E179) -> 21492528 | G180: =AVERAGE(G150:G179) -> 9968618.9 | H180: =AVERAGE(H150:H179) -> 4888161.8 | I180: =AVERAGE(I150:I179) -> 4849300 | J180: =AVERAGE(J150:J179) -> 11311299 | L180: =AVERAGE(L150:L179) -> 5080173.5 | M180: =AVERAGE(M150:M179) -> 4620711.3 | N180: =AVERAGE(N150:N179) -> 2886995.7 | O180: =AVERAGE(O150:O179) -> 6688440.6 | Q180: =AVERAGE(Q150:Q179) -> 4076102.3 | R180: =AVERAGE(R150:R179) -> 4802868.8 | S180: =AVERAGE(S150:S179) -> 1940096.3 | T180: =AVERAGE(T150:T179) -> 4957719 | V180: =AVERAGE(V150:V179) -> 4365250 | W180: =AVERAGE(W150:W179) -> 4796286.1 | X180: =AVERAGE(X150:X179) -> 1796019.9 | Y180: =AVERAGE(Y150:Y179) -> 4913438.4

Sheet Promedios OpenMP
B3: PROMEDIOS PARA MATRIZ 50x50 | I3: PROMEDIOS PARA MATRIZ 100x100 | P3: PROMEDIOS PARA MATRIZ 500x500
C4: SISTEMA OPERATIVO | J4: SISTEMA OPERATIVO | Q4: SISTEMA OPERATIVO
B5: # de Hilos | C5: VM Javeriana Ubuntu 4 hilos | D5: Replit 8 hilos | E5: Subsistema de Windows para Linux (Ubuntu) 12 hilos | F5: Subsistema de Windows para Linux (Ubuntu) 16 hilos | I5: # de Hilos | J5: VM Javeriana Ubuntu 4 hilos | K5: Replit 8 hilos | L5: Subsistema de Windows para Linux (Ubuntu) 12 hilos | M5: Subsistema de Windows para Linux (Ubuntu) 16 hilos | P5: # de Hilos | Q5: VM Javeriana Ubuntu 4 hilos | R5: Replit 8 hilos | S5: Subsistema de Windows para Linux (Ubuntu) 12 hilos | T5: Subsistema de Windows para Linux (Ubuntu) 16 hilos
B6: 1 | C6: =OpenMP!B36 -> 574.73333 | D6: =OpenMP!C36 -> 77.133333 | E6: =OpenMP!D36 -> 257.93333 | F6: =OpenMP!E36 -> 346.13333 | I6: 1 | J6: =OpenMP!B72 -> 4236.0333 | K6: =OpenMP!C72 -> 680.56667 | L6: =OpenMP!D72 -> 1907 | M6: =OpenMP!E72 -> 3094.3 | P6: 1 | Q6: =OpenMP!B108 -> 484101 | R6: =OpenMP!C108 -> 115084.53 | S6: =OpenMP!D108 -> 242046.93 | T6: =OpenMP!E108 -> 599782.03
B7: 2 | C7: =OpenMP!G36 -> 376.73333 | D7: =OpenMP!H36 -> 432.6 | E7: =OpenMP!I36 -> 168 | F7: =OpenMP!J36 -> 577.76667 | I7: 2 | J7: =OpenMP!G72 -> 2920.7667 | K7: =OpenMP!H72 -> 459.5 | L7: =OpenMP!I72 -> 1078 | M7: =OpenMP!J72 -> 2271.0667 | P7: 2 | Q7: =OpenMP!G108 -> 254878.1 | R7: =OpenMP!H108 -> 114101.03 | S7: =OpenMP!I108 -> 122834.13 | T7: =OpenMP!J108 -> 303497.87
B8: 4 | C8: =OpenMP!L36 -> 832.13333 | D8: =OpenMP!M36 -> 1354 | E8: =OpenMP!N36 -> 229 | F8: =OpenMP!O36 -> 662.53333 | I8: 4 | J8: =OpenMP!L72 -> 1913.5 | K8: =OpenMP!M72 -> 3501.5 | L8: =OpenMP!N72 -> 674 | M8: =OpenMP!O72 -> 1904.2333 | P8: 4 | Q8: =OpenMP!L108 -> 357137.07 | R8: =OpenMP!M108 -> 133641.8 | S8: =OpenMP!N108 -> 78625.667 | T8: =OpenMP!O108 -> 188760
B9: 8 | C9: =OpenMP!Q36 -> 700.7 | D9: =OpenMP!R36 -> 466.93333 | E9: =OpenMP!S36 -> 448 | F9: =OpenMP!T36 -> 1169.0333 | I9: 8 | J9: =OpenMP!Q72 -> 1657.4667 | K9: =OpenMP!R72 -> 963.13333 | L9: =OpenMP!S72 -> 707 | M9: =OpenMP!T72 -> 1791.6667 | P9: 8 | Q9: =OpenMP!Q108 -> 362235.6 | R9: =OpenMP!R108 -> 115451.33 | S9: =OpenMP!S108 -> 49512.567 | T9: =OpenMP!T108 -> 109972.9
B10: 10 | C10: =OpenMP!V36 -> 710.53333 | D10: =OpenMP!W36 -> 590.16667 | E10: =OpenMP!X36 -> 430 | F10: =OpenMP!Y36 -> 1366.1333 | I10: 10 | J10: =OpenMP!V72 -> 1717.2667 | K10: =OpenMP!W72 -> 692.76667 | L10: =OpenMP!X72 -> 713.4 | M10: =OpenMP!Y72 -> 2043.3667 | P10: 10 | Q10: =OpenMP!V108 -> 341844 | R10: =OpenMP!W108 -> 122604.6 | S10: =OpenMP!X108 -> 41767.9 | T10: =OpenMP!Y108 -> 85268.333
B13: PROMEDIOS PARA MATRIZ 1000x1000 | I13: PROMEDIOS PARA MATRIZ 1500x1500
C14: SISTEMA OPERATIVO | J14: SISTEMA OPERATIVO
B15: # de Hilos | C15: VM Javeriana Ubuntu 4 hilos | D15: Replit 8 hilos | E15: Subsistema de Windows para Linux (Ubuntu) 12 hilos | F15: Subsistema de Windows para Linux (Ubuntu) 16 hilos | I15: # de Hilos | J15: VM Javeriana Ubuntu 4 hilos | K15: Replit 8 hilos | L15: Subsistema de Windows para Linux (Ubuntu) 12 hilos | M15: Subsistema de Windows para Linux (Ubuntu) 16 hilos
B16: 1 | C16: =OpenMP!B144 -> 4916429.9 | D16: =OpenMP!C144 -> 1002872.2 | E16: =OpenMP!D144 -> 2258262 | F16: =OpenMP!E144 -> 4412261.4 | I16: 1 | J16: =OpenMP!B180 -> 20248774 | K16: =OpenMP!C180 -> 5420694.4 | L16: =OpenMP!D180 -> 8806190.6 | M16: =OpenMP!E180 -> 21492528
B17: 2 | C17: =OpenMP!G144 -> 2440560.1 | D17: =OpenMP!H144 -> 958215.93 | E17: =OpenMP!I144 -> 1227186.4 | F17: =OpenMP!J144 -> 2330266.6 | I17: 2 | J17: =OpenMP!G180 -> 9968618.9 | K17: =OpenMP!H180 -> 4888161.8 | L17: =OpenMP!I180 -> 4849300 | M17: =OpenMP!J180 -> 11311299
B18: 4 | C18: =OpenMP!L144 -> 1073268.6 | D18: =OpenMP!M144 -> 1019348 | E18: =OpenMP!N144 -> 704286.93 | F18: =OpenMP!O144 -> 1597333.7 | I18: 4 | J18: =OpenMP!L180 -> 5080173.5 | K18: =OpenMP!M180 -> 4620711.3 | L18: =OpenMP!N180 -> 2886995.7 | M18: =OpenMP!O180 -> 6688440.6
B19: 8 | C19: =OpenMP!Q144 -> 1067126 | D19: =OpenMP!W144 -> 1058403.3 | E19: =OpenMP!S144 -> 454524.77 | F19: =OpenMP!T144 -> 1120623.5 | I19: 8 | J19: =OpenMP!Q180 -> 4076102.3 | K19: =OpenMP!R180 -> 4802868.8 | L19: =OpenMP!S180 -> 1940096.3 | M19: =OpenMP!T180 -> 4957719
B20: 10 | C20: =OpenMP!V144 -> 1053042.9 | D20: =OpenMP!W144 -> 1058403.3 | E20: =OpenMP!X144 -> 396629.97 | F20: =OpenMP!Y144 -> 1041796.3 | I20: 10 | J20: =OpenMP!V180 -> 4365250 | K20: =OpenMP!W180 -> 4796286.1 | L20: =OpenMP!X180 -> 1796019.9 | M20: =OpenMP!Y180 -> 4913438.4

Sheet Posix
B3: ClasicaPosix | G3: ClasicaPosix | L3: ClasicaPosix | Q3: ClasicaPosix | V3: ClasicaPosix
B4: Tamaño Matriz: 50 Hilos:1 | G4: Tamaño Matriz:50 Hilos:2 | L4: Tamaño Matriz:50 Hilos:4 | Q4: Tamaño Matriz:50 Hilos:8 | V4: Tamaño Matriz:50 Hilos:10
B5: VM Javeriana Ubuntu 4 hilos | C5: Replit 8 hilos | D5: Subsistema de Windows para Linux (Ubuntu) 12 hilos | E5: Subsistema de Windows para Linux (Ubuntu) 16 hilos | G5: VM Javeriana Ubuntu 4 hilos | H5: Replit 8 hilos | I5: Subsistema de Windows para Linux (Ubuntu) 12 hilos | J5: Subsistema de Windows para Linux (Ubuntu) 16 hilos | L5: VM Javeriana Ubuntu 4 hilos | M5: Replit 8 hilos | N5: Subsistema de Windows para Linux (Ubuntu) 12 hilos | O5: Subsistema de Windows para Linux (Ubuntu) 16 hilos | Q5: VM Javeriana Ubuntu 4 hilos | R5: Replit 8 hilos | S5: Subsistema de Windows para Linux (Ubuntu) 12 hilos | T5: Subsistema de Windows para Linux (Ubuntu) 16 hilos | V5: VM Javeriana Ubuntu 4 hilos | W5: Replit 8 hilos | X5: Subsistema de Windows para Linux (Ubuntu) 12 hilos | Y5: Subsistema de Windows para Linux (Ubuntu) 16 hilos
B6: 871 | C6: 24344 | D6: 496 | E6: 17529 | G6: 991 | H6: 1865 | I6: 330 | J6: 1391 | L6: 726 | M6: 1237 | N6: 339 | O6: 1130 | Q6: 512 | R6: 1272 | S6: 513 | T6: 2316 | V6: 599 | W6: 1066 | X6: 643 | Y6: 2560
B7: 1660 | C7: 926 | D7: 427 | E7: 1865 | G7: 549 | H7: 1217 | I7: 313 | J7: 838 | L7: 530 | M7: 2647 | N7: 328 | O7: 698 | Q7: 689 | R7: 1333 | S7: 484 | T7: 1978 | V7: 658 | W7: 1235 | X7: 593 | Y7: 2197
B8: 1039 | C8: 1041 | D8: 450 | E8: 1206 | G8: 562 | H8: 1326 | I8: 309 | J8: 944 | L8: 1106 | M8: 1253 | N8: 312 | O8: 1549 | Q8: 585 | R8: 1318 | S8: 450 | T8: 1991 | V8: 650 | W8: 1169 | X8: 586 | Y8: 1976
B9: 788 | C9: 1139 | D9: 483 | E9: 1050 | G9: 591 | H9: 1298 | I9: 312 | J9: 1075 | L9: 485 | M9: 919 | N9: 304 | O9: 1092 | Q9: 616 | R9: 1175 | S9: 478 | T9: 2030 | V9: 588 | W9: 1180 | X9: 535 | Y9: 2068
B10: 735 | C10: 1064 | D10: 451 | E10: 1566 | G10: 573 | H10: 1046 | I10: 385 | J10: 1004 | L10: 516 | M10: 947 | N10: 334 | O10: 1400 | Q10: 652 | R10: 1340 | S10: 475 | T10: 2382 | V10: 493 | W10: 1163 | X10: 568 | Y10: 2166
B11: 779 | C11: 883 | D11: 442 | E11: 1561 | G11: 538 | H11: 1197 | I11: 317 | J11: 1026 | L11: 962 | M11: 904 | N11: 318 | O11: 1071 | Q11: 729 | R11: 1159 | S11: 471 | T11: 1827 | V11: 1053 | W11: 1265 | X11: 783 | Y11: 1674
B12: 760 | C12: 1101 | D12: 443 | E12: 1535 | G12: 537 | H12: 893 | I12: 308 | J12: 1199 | L12: 530 | M12: 888 | N12: 310 | O12: 1064 | Q12: 887 | R12: 1081 | S12: 497 | T12: 2360 | V12: 966 | W12: 1198 | X12: 626 | Y12: 2272
B13: 868 | C13: 1066 | D13: 453 | E13: 1643 | G13: 453 | H13: 1008 | I13: 312 | J13: 759 | L13: 438 | M13: 1205 | N13: 323 | O13: 1525 | Q13: 622 | R13: 1133 | S13: 567 | T13: 1354 | V13: 743 | W13: 1416 | X13: 592 | Y13: 1991
B14: 824 | C14: 985 | D14: 450 | E14: 1748 | G14: 508 | H14: 842 | I14: 300 | J14: 1098 | L14: 536 | M14: 913 | N14: 320 | O14: 1176 | Q14: 648 | R14: 1203 | S14: 488 | T14: 1985 | V14: 751 | W14: 1140 | X14: 537 | Y14: 2182
B15: 731 | C15: 922 | D15: 434 | E15: 2214 | G15: 627 | H15: 887 | I15: 313 | J15: 1177 | L15: 640 | M15: 1047 | N15: 319 | O15: 1020 | Q15: 598 | R15: 1094 | S15: 483 | T15: 1688 | V15: 718 | W15: 1176 | X15: 548 | Y15: 1703
B16: 1471 | C16: 930 | D16: 473 | E16: 1986 | G16: 454 | H16: 879 | I16: 310 | J16: 987 | L16: 748 | M16: 1084 | N16: 324 | O16: 1161 | Q16: 594 | R16: 1386 | S16: 503 | T16: 1544 | V16: 608 | W16: 1200 | X16: 496 | Y16: 1660
B17: 1022 | C17: 982 | D17: 511 | E17: 1122 | G17: 408 | H17: 808 | I17: 314 | J17: 1134 | L17: 430 | M17: 1035 | N17: 326 | O17: 1175 | Q17: 725 | R17: 1047 | S17: 615 | T17: 2027 | V17: 524 | W17: 1226 | X17: 500 | Y17: 1778
... B35: 753 | C35: 2244 | D35: 401 | E35: 1325 | G35: 568 | H35: 902 | I35: 363 | J35: 703 | L35: 392 | M35: 1249 | N35: 321 | O35: 1150 | Q35: 695 | R35: 1586 | S35: 465 | T35: 1268 | V35: 1218 | W35: 1144 | X35: 658 | Y35: 1902
A36: Promedio | B36: =AVERAGE(B6:B35) -> 1137.0333 | C36: =AVERAGE(C6:C35) -> 1811.3333 | D36: =AVERAGE(D6:D35) -> 437.8 | E36: =AVERAGE(E6:E35) -> 1941.6 | G36: =AVERAGE(G6:G35) -> 607.2 | H36: =AVERAGE(H6:H35) -> 1046.7 | I36: 168 | J36: =AVERAGE(J6:J35) -> 1133.1 | L36: =AVERAGE(L6:L35) -> 588.63333 | M36: =AVERAGE(M6:M35) -> 1447.4 | N36: 229 | O36: =AVERAGE(O6:O35) -> 1217.6667 | Q36: =AVERAGE(Q6:Q35) -> 644.8 | R36: =AVERAGE(R6:R35) -> 1261.6333 | S36: 448 | T36: =AVERAGE(T6:T35) -> 1862.3 | V36: =AVERAGE(V6:V35) -> 671.46667 | W36: =AVERAGE(W6:W35) -> 1182.2667 | X36: 430 | Y36: =AVERAGE(Y6:Y35) -> 1986.6667
B39: ClasicaPosix | G39: ClasicaPosix | L39: ClasicaPosix | Q39: ClasicaPosix | V39: ClasicaPosix
B40: Tamaño Matriz: 100 Hilos:1 | G40: Tamaño Matriz:100 Hilos:2 | L40: Tamaño Matriz:100 Hilos:4 | Q40: Tamaño Matriz:100 Hilos:8 | V40: Tamaño Matriz:100 Hilos:10
B41: VM Javeriana Ubuntu 4 hilos | C41: Replit 8 hilos | D41: Subsistema de Windows para Linux (Ubuntu) 12 hilos | E41: Subsistema de Windows para Linux (Ubuntu) 16 hilos | G41: VM Javeriana Ubuntu 4 hilos | H41: Replit 8 hilos | I41: Subsistema de Windows para Linux (Ubuntu) 12 hilos | J41: Subsistema de Windows para Linux (Ubuntu) 16 hilos | L41: VM Javeriana Ubuntu 4 hilos | M41: Replit 8 hilos | N41: Subsistema de Windows para Linux (Ubuntu) 12 hilos | O41: Subsistema de Windows para Linux (Ubuntu) 16 hilos | Q41: VM Javeriana Ubuntu 4 hilos | R41: Replit 8 hilos | S41: Subsistema de Windows para Linux (Ubuntu) 12 hilos | T41: Subsistema de Windows para Linux (Ubuntu) 16 hilos | V41: VM Javeriana Ubuntu 4 hilos | W41: Replit 8 hilos | X41: Subsistema de Windows para Linux (Ubuntu) 12 hilos | Y41: Subsistema de Windows para Linux (Ubuntu) 16 hilos
B42: 3949 | C42: 1558 | D42: 2101 | E42: 4759 | G42: 5538 | H42: 1284 | I42: 1197 | J42: 2102 | L42: 3136 | M42: 1142 | N42: 915 | O42: 1987 | Q42: 1917 | R42: 2672 | S42: 759 | T42: 1685 | V42: 1446 | W42: 1211 | X42: 979 | Y42: 2098
B43: 3954 | C43: 1706 | D43: 2040 | E43: 3841 | G43: 2587 | H43: 1251 | I43: 1139 | J43: 2989 | L43: 2923 | M43: 1097 | N43: 1006 | O43: 2601 | Q43: 1460 | R43: 1358 | S43: 793 | T43: 1519 | V43: 1411 | W43: 1685 | X43: 805 | Y43: 1689
B44: 3993 | C44: 1748 | D44: 2043 | E44: 4174 | G44: 2378 | H44: 1112 | I44: 1742 | J44: 2240 | L44: 1920 | M44: 1254 | N44: 911 | O44: 1933 | Q44: 1285 | R44: 1284 | S44: 768 | T44: 1541 | V44: 2112 | W44: 1499 | X44: 862 | Y44: 2457
B45: 7262 | C45: 1549 | D45: 1984 | E45: 3839 | G45: 3811 | H45: 1176 | I45: 1231 | J45: 2027 | L45: 1088 | M45: 1025 | N45: 934 | O45: 1946 | Q45: 1802 | R45: 1312 | S45: 770 | T45: 1853 | V45: 2261 | W45: 1446 | X45: 785 | Y45: 2038
B46: 4298 | C46: 1588 | D46: 2051 | E46: 4247 | G46: 5157 | H46: 1213 | I46: 1193 | J46: 2505 | L46: 1680 | M46: 1146 | N46: 943 | O46: 1963 | Q46: 1679 | R46: 1308 | S46: 735 | T46: 1628 | V46: 2147 | W46: 2234 | X46: 1163 | Y46: 1978
B47: 4127 | C47: 1494 | D47: 1989 | E47: 3825 | G47: 2171 | H47: 1154 | I47: 1318 | J47: 2712 | L47: 1974 | M47: 1115 | N47: 920 | O47: 2114 | Q47: 2063 | R47: 2409 | S47: 1126 | T47: 1948 | V47: 1658 | W47: 1673 | X47: 710 | Y47: 1879
B48: 4078 | C48: 1858 | D48: 2046 | E48: 4224 | G48: 2358 | H48: 1263 | I48: 1544 | J48: 2645 | L48: 1470 | M48: 1128 | N48: 899 | O48: 1852 | Q48: 1238 | R48: 2397 | S48: 757 | T48: 1696 | V48: 1472 | W48: 1715 | X48: 1216 | Y48: 2955
B49: 9719 | C49: 1679 | D49: 2036 | E49: 4003 | G49: 6872 | H49: 1280 | I49: 1842 | J49: 2079 | L49: 2288 | M49: 1336 | N49: 899 | O49: 2640 | Q49: 1323 | R49: 1525 | S49: 771 | T49: 2099 | V49: 1533 | W49: 1634 | X49: 693 | Y49: 2316
B50: 5361 | C50: 2486 | D50: 2049 | E50: 3496 | G50: 3081 | H50: 1221 | I50: 1160 | J50: 2793 | L50: 3014 | M50: 1179 | N50: 1071 | O50: 2689 | Q50: 1454 | R50: 1213 | S50: 814 | T50: 1506 | V50: 1554 | W50: 3208 | X50: 677 | Y50: 2372
B51: 4239 | C51: 1445 | D51: 2103 | E51: 3923 | G51: 2450 | H51: 1325 | I51: 1211 | J51: 3161 | L51: 2277 | M51: 1108 | N51: 959 | O51: 2096 | Q51: 1411 | R51: 1186 | S51: 812 | T51: 2153 | V51: 1440 | W51: 1594 | X51: 730 | Y51: 1748
B52: 7938 | C52: 1758 | D52: 1993 | E52: 5051 | G52: 2171 | H52: 1130 | I52: 1171 | J52: 2794 | L52: 1356 | M52: 1064 | N52: 998 | O52: 1951 | Q52: 1264 | R52: 1173 | S52: 758 | T52: 2115 | V52: 1552 | W52: 2105 | X52: 819 | Y52: 1939
B53: 4596 | C53: 1607 | D53: 2051 | E53: 4127 | G53: 5743 | H53: 1222 | I53: 1211 | J53: 2549 | L53: 1304 | M53: 1047 | N53: 950 | O53: 1972 | Q53: 1412 | R53: 1253 | S53: 839 | T53: 1849 | V53: 1656 | W53: 3995 | X53: 795 | Y53: 1901
... B71: 4478 | C71: 2040 | D71: 1998 | E71: 3222 | G71: 2897 | H71: 1283 | I71: 1158 | J71: 3194 | L71: 1234 | M71: 1391 | N71: 903 | O71: 2030 | Q71: 1440 | R71: 1294 | S71: 773 | T71: 1645 | V71: 1569 | W71: 1349 | X71: 755 | Y71: 2040
A72: Promedio | B72: =AVERAGE(B42:B71) -> 7029.1333 | C72: =AVERAGE(C42:C71) -> 1709.8333 | D72: 1907 | E72: =AVERAGE(E42:E71) -> 4089.3 | G72: =AVERAGE(G42:G71) -> 4027.3 | H72: =AVERAGE(H42:H71) -> 1229.3667 | I72: 1078 | J72: =AVERAGE(J42:J71) -> 2588.7667 | L72: =AVERAGE(L42:L71) -> 1761.3 | M72: =AVERAGE(M42:M71) -> 1223.2667 | N72: 674 | O72: =AVERAGE(O42:O71) -> 2207.2333 | Q72: =AVERAGE(Q42:Q71) -> 1444.2667 | R72: =AVERAGE(R42:R71) -> 1577.0667 | S72: 707 | T72: =AVERAGE(T42:T71) -> 1884.4667 | V72: =AVERAGE(V42:V71) -> 1690.7333 | W72: =AVERAGE(W42:W71) -> 1974.8 | X72: =AVERAGE(X42:X71) -> 813.66667 | Y72: =AVERAGE(Y42:Y71) -> 2203.3
B75: ClasicaPosix | G75: ClasicaPosix | L75: ClasicaPosix | Q75: ClasicaPosix | V75: ClasicaPosix
B76: Tamaño Matriz: 500 Hilos:1 | G76: Tamaño Matriz:500 Hilos:2 | L76: Tamaño Matriz:500 Hilos:4 | Q76: Tamaño Matriz:500 Hilos:8 | V76: Tamaño Matriz:500 Hilos:10
B77: VM Javeriana Ubuntu 4 hilos | C77: Replit 8 hilos | D77: Subsistema de Windows para Linux (Ubuntu) 12 hilos | E77: Subsistema de Windows para Linux (Ubuntu) 16 hilos | G77: VM Javeriana Ubuntu 4 hilos | H77: Replit 8 hilos | I77: Subsistema de Windows para Linux (Ubuntu) 12 hilos | J77: Subsistema de Windows para Linux (Ubuntu) 16 hilos | L77: VM Javeriana Ubuntu 4 hilos | M77: Replit 8 hilos | N77: Subsistema de Windows para Linux (Ubuntu) 12 hilos | O77: Subsistema de Windows para Linux (Ubuntu) 16 hilos | Q77: VM Javeriana Ubuntu 4 hilos | R77: Replit 8 hilos | S77: Subsistema de Windows para Linux (Ubuntu) 12 hilos | T77: Subsistema de Windows para Linux (Ubuntu) 16 hilos | V77: VM Javeriana Ubuntu 4 hilos | W77: Replit 8 hilos | X77: Subsistema de Windows para Linux (Ubuntu) 12 hilos | Y77: Subsistema de Windows para Linux (Ubuntu) 16 hilos
B78: 477598 | C78: 112238 | D78: 234501 | E78: 429511 | G78: 248003 | H78: 69880 | I78: 139779 | J78: 226252 | L78: 131311 | M78: 95697 | N78: 87393 | O78: 143990 | Q78: 125032 | R78: 174807 | S78: 49664 | T78: 90527 | V78: 127328 | W78: 180398 | X78: 40481 | Y78: 77943
B79: 489742 | C79: 112398 | D79: 235929 | E79: 410740 | G79: 248251 | H79: 148896 | I79: 120264 | J79: 225373 | L79: 125207 | M79: 174839 | N79: 79130 | O79: 138911 | Q79: 124830 | R79: 108388 | S79: 45144 | T79: 94514 | V79: 129348 | W79: 106060 | X79: 39153 | Y79: 80137
B80: 487460 | C80: 113267 | D80: 232622 | E80: 397001 | G80: 273145 | H80: 93305 | I80: 114269 | J80: 231087 | L80: 126734 | M80: 95759 | N80: 70204 | O80: 140631 | Q80: 131153 | R80: 86520 | S80: 45827 | T80: 94238 | V80: 125350 | W80: 90319 | X80: 39738 | Y80: 83778
B81: 482849 | C81: 112227 | D81: 235002 | E81: 408377 | G81: 264629 | H81: 112591 | I81: 119567 | J81: 227430 | L81: 132730 | M81: 93843 | N81: 82543 | O81: 145452 | Q81: 131845 | R81: 171969 | S81: 46252 | T81: 95417 | V81: 125621 | W81: 172362 | X81: 38853 | Y81: 75577
B82: 499863 | C82: 112100 | D82: 233224 | E82: 427133 | G82: 252312 | H82: 90872 | I82: 114530 | J82: 220754 | L82: 130909 | M82: 93019 | N82: 66819 | O82: 136069 | Q82: 125255 | R82: 99588 | S82: 48170 | T82: 95506 | V82: 123301 | W82: 94200 | X82: 40118 | Y82: 80653
B83: 480036 | C83: 114678 | D83: 241472 | E83: 375923 | G83: 262841 | H83: 152845 | I83: 120721 | J83: 248764 | L83: 125072 | M83: 110642 | N83: 74690 | O83: 142727 | Q83: 126260 | R83: 93465 | S83: 46251 | T83: 98002 | V83: 124271 | W83: 182321 | X83: 39461 | Y83: 80284
B84: 501555 | C84: 117594 | D84: 235567 | E84: 366372 | G84: 249573 | H84: 96818 | I84: 112723 | J84: 231844 | L84: 125987 | M84: 111130 | N84: 75655 | O84: 131341 | Q84: 126537 | R84: 106247 | S84: 48010 | T84: 92208 | V84: 122670 | W84: 96733 | X84: 38637 | Y84: 80518
B85: 494364 | C85: 123237 | D85: 236448 | E85: 373294 | G85: 249822 | H85: 107410 | I85: 120668 | J85: 232690 | L85: 127101 | M85: 99199 | N85: 69931 | O85: 140965 | Q85: 122092 | R85: 98454 | S85: 48059 | T85: 90102 | V85: 126937 | W85: 178058 | X85: 38810 | Y85: 80850
B86: 488155 | C86: 113121 | D86: 235212 | E86: 377207 | G86: 247094 | H86: 92682 | I86: 119813 | J86: 230164 | L86: 135152 | M86: 88789 | N86: 75356 | O86: 129972 | Q86: 124154 | R86: 181755 | S86: 47343 | T86: 93245 | V86: 126606 | W86: 95204 | X86: 40206 | Y86: 80055
B87: 524505 | C87: 110110 | D87: 230954 | E87: 414476 | G87: 248078 | H87: 152313 | I87: 133312 | J87: 222044 | L87: 130372 | M87: 104743 | N87: 81046 | O87: 137686 | Q87: 122557 | R87: 104159 | S87: 48737 | T87: 91301 | V87: 131413 | W87: 103102 | X87: 38743 | Y87: 80508
B88: 498664 | C88: 112310 | D88: 229803 | E88: 411942 | G88: 252120 | H88: 100339 | I88: 130361 | J88: 230467 | L88: 122217 | M88: 114800 | N88: 66531 | O88: 132373 | Q88: 122157 | R88: 78749 | S88: 46289 | T88: 90387 | V88: 126346 | W88: 171645 | X88: 38346 | Y88: 80537
B89: 479744 | C89: 113137 | D89: 228358 | E89: 393261 | G89: 242311 | H89: 100443 | I89: 120787 | J89: 223297 | L89: 137867 | M89: 159446 | N89: 86378 | O89: 136577 | Q89: 125127 | R89: 103490 | S89: 47118 | T89: 90525 | V89: 129863 | W89: 99353 | X89: 39402 | Y89: 80243
... B107: 505367 | C107: 113517 | D107: 223100 | E107: 395096 | G107: 271764 | H107: 110693 | I107: 120881 | J107: 229137 | L107: 128040 | M107: 90275 | N107: 66811 | O107: 144116 | Q107: 124886 | R107: 98874 | S107: 47084 | T107: 90423 | V107: 127117 | W107: 100355 | X107: 39303 | Y107: 73419
A108: Promedio | B108: =AVERAGE(B78:B107) -> 492496.13 | C108: =AVERAGE(C78:C107) -> 114393.7 | D108: =AVERAGE(D78:D107) -> 231003 | E108: =AVERAGE(E78:E107) -> 395578.33 | G108: =AVERAGE(G78:G107) -> 253957.7 | H108: =AVERAGE(H78:H107) -> 109309 | I108: =AVERAGE(I78:I107) -> 122967.5 | J108: =AVERAGE(J78:J107) -> 161960.47 | L108: =AVERAGE(L78:L107) -> 129507.53 | M108: =AVERAGE(M78:M107) -> 114348.33 | N108: =AVERAGE(N78:N107) -> 77034.1 | O108: =AVERAGE(O78:O107) -> 139152.87 | Q108: =AVERAGE(Q78:Q107) -> 125072.57 | R108: =AVERAGE(R78:R107) -> 120554.93 | S108: =AVERAGE(S78:S107) -> 47523.233 | T108: =AVERAGE(T78:T107) -> 91218.1 | V108: =AVERAGE(V78:V107) -> 127562.77 | W108: =AVERAGE(W78:W107) -> 131966.13 | X108: =AVERAGE(X78:X107) -> 39510.6 | Y108: =AVERAGE(Y78:Y107) -> 78180.567
B111: ClasicaPosix | G111: ClasicaPosix | L111: ClasicaPosix | Q111: ClasicaPosix | V111: ClasicaPosix
B112: Tamaño Matriz: 1000 Hilos:1 | G112: Tamaño Matriz:1000 Hilos:2 | L112: Tamaño Matriz:1000 Hilos:4 | Q112: Tamaño Matriz:1000 Hilos:8 | V112: Tamaño Matriz:1000 Hilos:10
B113: VM Javeriana Ubuntu 4 hilos | C113: Replit 8 hilos | D113: Subsistema de Windows para Linux (Ubuntu) 12 hilos | E113: Subsistema de Windows para Linux (Ubuntu) 16 hilos | G113: VM Javeriana Ubuntu 4 hilos | H113: Replit 8 hilos | I113: Subsistema de Windows para Linux (Ubuntu) 12 hilos | J113: Subsistema de Windows para Linux (Ubuntu) 16 hilos | L113: VM Javeriana Ubuntu 4 hilos | M113: Replit 8 hilos | N113: Subsistema de Windows para Linux (Ubuntu) 12 hilos | O113: Subsistema de Windows para Linux (Ubuntu) 16 hilos | Q113: VM Javeriana Ubuntu 4 hilos | R113: Replit 8 hilos | S113: Subsistema de Windows para Linux (Ubuntu) 12 hilos | T113: Subsistema de Windows para Linux (Ubuntu) 16 hilos | V113: VM Javeriana Ubuntu 4 hilos | W113: Replit 8 hilos | X113: Subsistema de Windows para Linux (Ubuntu) 12 hilos | Y113: Subsistema de Windows para Linux (Ubuntu) 16 hilos
B114: 4917107 | C114: 939351 | D114: 1963320 | E114: 4144352 | G114: 2424812 | H114: 883485 | I114: 1035601 | J114: 2286367 | L114: 1207435 | M114: 989095 | N114: 668139 | O114: 1421846 | Q114: 1055776 | R114: 1149471 | S114: 434452 | T114: 962737 | V114: 1028756 | W114: 1099477 | X114: 390639 | Y114: 922072
B115: 4933459 | C115: 943640 | D115: 1909183 | E115: 4244323 | G115: 2375136 | H115: 938755 | I115: 1061626 | J115: 2267095 | L115: 1226637 | M115: 1006196 | N115: 708474 | O115: 1426773 | Q115: 1065817 | R115: 1088369 | S115: 428768 | T115: 980647 | V115: 1061670 | W115: 1083511 | X115: 395473 | Y115: 926338
B116: 4963561 | C116: 958420 | D116: 1952047 | E116: 4146223 | G116: 2520200 | H116: 887744 | I116: 1003240 | J116: 2296148 | L116: 1074608 | M116: 1006531 | N116: 671268 | O116: 1510938 | Q116: 1066688 | R116: 1071364 | S116: 453018 | T116: 1008543 | V116: 1123320 | W116: 1076765 | X116: 392793 | Y116: 893067
B117: 5077650 | C117: 973066 | D117: 1944352 | E117: 3928888 | G117: 2352032 | H117: 890430 | I117: 1134278 | J117: 2194900 | L117: 1090790 | M117: 944546 | N117: 660340 | O117: 1515127 | Q117: 1038323 | R117: 1151248 | S117: 441359 | T117: 986910 | V117: 1147254 | W117: 1148303 | X117: 392969 | Y117: 855670
B118: 4935233 | C118: 1017909 | D118: 1944415 | E118: 2331030 | G118: 2356605 | H118: 912652 | I118: 1122760 | J118: 2165895 | L118: 1079148 | M118: 988611 | N118: 607436 | O118: 1472431 | Q118: 1080178 | R118: 1085762 | S118: 448798 | T118: 972061 | V118: 1037401 | W118: 1083127 | X118: 391048 | Y118: 827766
B119: 4992364 | C119: 948556 | D119: 1915783 | E119: 4154050 | G119: 2420061 | H119: 944982 | I119: 1117891 | J119: 2310610 | L119: 1067661 | M119: 994620 | N119: 661835 | O119: 1452038 | Q119: 1039533 | R119: 1086792 | S119: 444373 | T119: 987972 | V119: 1044219 | W119: 1074092 | X119: 398580 | Y119: 840062
B120: 4914339 | C120: 946295 | D120: 2952646 | E120: 4069655 | G120: 2419407 | H120: 888161 | I120: 1015273 | J120: 2336239 | L120: 1069250 | M120: 922584 | N120: 643831 | O120: 1322774 | Q120: 1059082 | R120: 1113416 | S120: 434774 | T120: -735249 | V120: 1042507 | W120: 1082933 | X120: 410998 | Y120: 892252
B121: 4978116 | C121: 937021 | D121: 1999364 | E121: 4237212 | G121: 2481032 | H121: 881421 | I121: 1022840 | J121: 2193497 | L121: 1061108 | M121: 974370 | N121: 659583 | O121: 1470834 | Q121: 1044683 | R121: 1077326 | S121: 462061 | T121: 1030653 | V121: 1027862 | W121: 1020460 | X121: 403872 | Y121: -959205
B122: 5029501 | C122: 912885 | D122: 1962704 | E122: 4029155 | G122: 2409699 | H122: 932756 | I122: 1043914 | J122: 2235967 | L122: 1211157 | M122: 1033464 | N122: 630401 | O122: 1406443 | Q122: 1036130 | R122: 1157564 | S122: 464674 | T122: 974254 | V122: 1062611 | W122: 1010126 | X122: 423034 | Y122: 913693
B123: 4880584 | C123: 905647 | D123: 1931959 | E123: 4061285 | G123: 2369324 | H123: 940277 | I123: 1053649 | J123: 2186663 | L123: 1237691 | M123: 1033917 | N123: 701178 | O123: 1454441 | Q123: 1070676 | R123: 969067 | S123: 460262 | T123: 984233 | V123: 1055262 | W123: 988740 | X123: 404543 | Y123: 913481
B124: 4973965 | C124: 931618 | D124: 1927549 | E124: 4061271 | G124: 2454041 | H124: 897426 | I124: 1060176 | J124: 349698 | L124: 1108601 | M124: 996829 | N124: 685980 | O124: 1473348 | Q124: 1044492 | R124: 1073676 | S124: 447860 | T124: 920370 | V124: 1037775 | W124: 1069458 | X124: 394857 | Y124: 901311
B125: 4985230 | C125: 917705 | D125: 1883592 | E125: 4163726 | G125: 2530323 | H125: 886034 | I125: 1126211 | J125: 2161185 | L125: 1079037 | M125: 966829 | N125: 616925 | O125: 1308361 | Q125: 1100699 | R125: 1083240 | S125: 465316 | T125: 983393 | V125: 1054221 | W125: 1077865 | X125: 387085 | Y125: 906629
... B143: 4884698 | C143: 911879 | D143: 1914194 | E143: 4149646 | G143: 2427476 | H143: 881788 | I143: 1019638 | J143: 2235621 | L143: 1091301 | M143: 905389 | N143: 611120 | O143: 1457985 | Q143: 1170042 | R143: 1074449 | S143: 455875 | T143: 997512 | V143: 1029334 | W143: 994709 | X143: 408524 | Y143: 1054188
A144: Promedio | B144: =AVERAGE(B114:B143) -> 4966478.6 | C144: =AVERAGE(C114:C143) -> 933697.57 | D144: =AVERAGE(D114:D143) -> 1991854.5 | E144: =AVERAGE(E114:E143) -> 3856719 | G144: =AVERAGE(G114:G143) -> 2422897.3 | H144: =AVERAGE(H114:H143) -> 920751.43 | I144: =AVERAGE(I114:I143) -> 1084408.6 | J144: =AVERAGE(J114:J143) -> 2147555.2 | L144: =AVERAGE(L114:L143) -> 1100681.2 | M144: =AVERAGE(M114:M143) -> 995521.73 | N144: =AVERAGE(N114:N143) -> 679094.43 | O144: =AVERAGE(O114:O143) -> 1378772.2 | Q144: =AVERAGE(Q114:Q143) -> 1066073.6 | R144: =AVERAGE(R114:R143) -> 1091119.2 | S144: =AVERAGE(S114:S143) -> 446858.97 | T144: =AVERAGE(T114:T143) -> 934070.4 | V144: =AVERAGE(V114:V143) -> 1067517.3 | W144: =AVERAGE(W114:W143) -> 1067881.6 | X144: =AVERAGE(X114:X143) -> 401744.87 | Y144: =AVERAGE(Y114:Y143) -> 843160.3
B147: ClasicaPosix | G147: ClasicaPosix | L147: ClasicaPosix | Q147: ClasicaPosix | V147: ClasicaPosix
B148: Tamaño Matriz: 1500 Hilos:1 | G148: Tamaño Matriz:1500 Hilos:2 | L148: Tamaño Matriz:1500 Hilos:4 | Q148: Tamaño Matriz:1500 Hilos:8 | V148: Tamaño Matriz:1500 Hilos:10
B149: VM Javeriana Ubuntu 4 hilos | C149: Replit 8 hilos | D149: Subsistema de Windows para Linux (Ubuntu) 12 hilos | E149: Subsistema de Windows para Linux (Ubuntu) 16 hilos | G149: VM Javeriana Ubuntu 4 hilos | H149: Replit 8 hilos | I149: Subsistema de Windows para Linux (Ubuntu) 12 hilos | J149: Subsistema de Windows para Linux (Ubuntu) 16 hilos | L149: VM Javeriana Ubuntu 4 hilos | M149: Replit 8 hilos | N149: Subsistema de Windows para Linux (Ubuntu) 12 hilos | O149: Subsistema de Windows para Linux (Ubuntu) 16 hilos | Q149: VM Javeriana Ubuntu 4 hilos | R149: Replit 8 hilos | S149: Subsistema de Windows para Linux (Ubuntu) 12 hilos | T149: Subsistema de Windows para Linux (Ubuntu) 16 hilos | V149: VM Javeriana Ubuntu 4 hilos | W149: Replit 8 hilos | X149: Subsistema de Windows para Linux (Ubuntu) 12 hilos | Y149: Subsistema de Windows para Linux (Ubuntu) 16 hilos
B150: 22336148 | C150: 4818071 | D150: 9275100 | E150: 17443090 | G150: 10090430 | H150: 4646062 | I150: 5071087 | J150: 10308580 | L150: 5293316 | M150: 4551162 | N150: 2753951 | O150: 6590678 | Q150: 4009702 | R150: 4680150 | S150: 3046811 | T150: 2981372 | V150: 4482183 | W150: 4870051 | X150: 1868772 | Y150: 4624652
B151: 22008686 | C151: 5296955 | D151: 8281326 | E151: 19510346 | G151: 10125513 | H151: 4571057 | I151: 5823930 | J151: 8679836 | L151: 5438092 | M151: 4471350 | N151: 3002645 | O151: 6639348 | Q151: 3988334 | R151: 4841974 | S151: 1895429 | T151: 4689361 | V151: 4467526 | W151: 5081506 | X151: 1867599 | Y151: 4732687
B152: 22520927 | C152: 5128803 | D152: 8319495 | E152: 17451412 | G152: 9896167 | H152: 4850523 | I152: 4846864 | J152: 10057874 | L152: 5283111 | M152: 4499691 | N152: 2903102 | O152: 6713645 | Q152: 4237432 | R152: 4703057 | S152: 1927859 | T152: 4974876 | V152: 4442362 | W152: 4643391 | X152: 2917572 | Y152: 4607090
B153: 22315196 | C153: 5192271 | D153: 8232355 | E153: 17306456 | G153: 9120850 | H153: 4450509 | I153: 4835497 | J153: 9993904 | L153: 5298379 | M153: 4812480 | N153: 2992338 | O153: 6717255 | Q153: 4157365 | R153: 4693646 | S153: 1924063 | T153: 4840029 | V153: 4414365 | W153: 5090107 | X153: 1916608 | Y153: 2989703
B154: 22267297 | C154: 5153777 | D154: 9377680 | E154: 19152172 | G154: 9836815 | H154: 4493817 | I154: 4629957 | J154: 8463763 | L154: 5313764 | M154: 4463506 | N154: 2926225 | O154: 6483315 | Q154: 4251763 | R154: 4773681 | S154: 2003823 | T154: 4938590 | V154: 4446543 | W154: 4692791 | X154: 1849861 | Y154: 4626319
B155: 22267305 | C155: 4925954 | D155: 8340574 | E155: 17224073 | G155: 9414674 | H155: 4474310 | I155: 4830498 | J155: 10072111 | L155: 5259836 | M155: 4439247 | N155: 2814423 | O155: 6325541 | Q155: 4135470 | R155: 4717281 | S155: 1966140 | T155: 4960565 | V155: 4372904 | W155: 4768323 | X155: 1860793 | Y155: 4782711
B156: 20601043 | C156: 5930763 | D156: 8371913 | E156: 19269180 | G156: 10130312 | H156: 4477255 | I156: 4867883 | J156: 9896014 | L156: 5210519 | M156: 4542301 | N156: 2835734 | O156: 4064939 | Q156: 4237980 | R156: 4828031 | S156: 1926431 | T156: 2860738 | V156: 4577153 | W156: 4793851 | X156: 1953430 | Y156: 4728294
B157: 22207271 | C157: 5568434 | D157: 9299825 | E157: 17208428 | G157: 10064136 | H157: 4740088 | I157: 4539532 | J157: 8468297 | L157: 5120956 | M157: 4771331 | N157: 3687487 | O157: 7058083 | Q157: 4100622 | R157: 4755414 | S157: 1968390 | T157: 4947774 | V157: 4397019 | W157: 4757653 | X157: 1902562 | Y157: 4531635
B158: 21201047 | C158: 5041985 | D158: 8362169 | E158: 17117760 | G158: 10183109 | H158: 4739492 | I158: 5604446 | J158: 10445102 | L158: 5406063 | M158: 4293789 | N158: 2859325 | O158: 6695033 | Q158: 4074122 | R158: 4701109 | S158: 1921776 | T158: 4652489 | V158: 4297876 | W158: 4862874 | X158: 1898407 | Y158: 4723789
B159: 20998682 | C159: 5014004 | D159: 8364407 | E159: 19009826 | G159: 10108313 | H159: 4348159 | I159: 4918514 | J159: 10190740 | L159: 4898572 | M159: 4678206 | N159: 2745588 | O159: 6446625 | Q159: 4143950 | R159: 4790318 | S159: 1874081 | T159: 4891927 | V159: 4260071 | W159: 4772005 | X159: 1868710 | Y159: 4569227
B160: 20335336 | C160: 4999294 | D160: 8346971 | E160: 17439170 | G160: 9859113 | H160: 4575419 | I160: 4821626 | J160: 8473966 | L160: 4535900 | M160: 4826925 | N160: 2826501 | O160: 6784176 | Q160: 4099792 | R160: 4720981 | S160: 1987733 | T160: 4802362 | V160: 4045577 | W160: 4708084 | X160: 1865265 | Y160: 4740903
B161: 20350967 | C161: 4944503 | D161: 9426255 | E161: 19316284 | G161: 9545146 | H161: 4816978 | I161: 4711793 | J161: 10272930 | L161: 5238157 | M161: 4747342 | N161: 2732999 | O161: 4995422 | Q161: 4137551 | R161: 4780167 | S161: 2015406 | T161: 4870840 | V161: 4241849 | W161: 4770460 | X161: 1862877 | Y161: 5435676
... B179: 21421241 | C179: 4915215 | D179: 8393358 | E179: 17258190 | G179: 10701624 | H179: 4445354 | I179: 4745523 | J179: 8060761 | L179: 5598085 | M179: 4607204 | N179: 2887272 | O179: 6537933 | Q179: 4107363 | R179: 4740874 | S179: 2051930 | T179: 4790585 | V179: 4502317 | W179: 4847181 | X179: 1861501 | Y179: 4734021
A180: Promedio | B180: =AVERAGE(B150:B179) -> 21374005 | C180: =AVERAGE(C150:C179) -> 5042656.3 | D180: =AVERAGE(D150:D179) -> 8612529.7 | E180: =AVERAGE(E150:E179) -> 18041016 | G180: =AVERAGE(G150:G179) -> 10246799 | H180: =AVERAGE(H150:H179) -> 4607654.7 | I180: =AVERAGE(I150:I179) -> 4943792.3 | J180: =AVERAGE(J150:J179) -> 9663883.4 | L180: =AVERAGE(L150:L179) -> 5265513.9 | M180: =AVERAGE(M150:M179) -> 4610709.5 | N180: =AVERAGE(N150:N179) -> 2903714.2 | O180: =AVERAGE(O150:O179) -> 6308605.2 | Q180: =AVERAGE(Q150:Q179) -> 4128583.6 | R180: =AVERAGE(R150:R179) -> 4762460.6 | S180: =AVERAGE(S150:S179) -> 2026874.8 | T180: =AVERAGE(T150:T179) -> 4580479.2 | V180: =AVERAGE(V150:V179) -> 4422448.1 | W180: =AVERAGE(W150:W179) -> 4807465 | X180: =AVERAGE(X150:X179) -> 1941274.8 | Y180: =AVERAGE(Y150:Y179) -> 4524992.3

Sheet Promedios Posix
B3: PROMEDIOS PARA MATRIZ 50x50 | I3: PROMEDIOS PARA MATRIZ 100x100 | P3: PROMEDIOS PARA MATRIZ 500x500
C4: SISTEMA OPERATIVO | J4: SISTEMA OPERATIVO | Q4: SISTEMA OPERATIVO
B5: # de Hilos | C5: VM Javeriana Ubuntu 4 hilos | D5: Replit 8 hilos | E5: Subsistema de Windows para Linux (Ubuntu) 12 hilos | F5: Subsistema de Windows para Linux (Ubuntu) 16 hilos | I5: # de Hilos | J5: VM Javeriana Ubuntu 4 hilos | K5: Replit 8 hilos | L5: Subsistema de Windows para Linux (Ubuntu) 12 hilos | M5: Subsistema de Windows para Linux (Ubuntu) 16 hilos | P5: # de Hilos | Q5: VM Javeriana Ubuntu 4 hilos | R5: Replit 8 hilos | S5: Subsistema de Windows para Linux (Ubuntu) 12 hilos | T5: Subsistema de Windows para Linux (Ubuntu) 16 hilos
B6: 1 | C6: =Posix!B36 -> 1137.0333 | D6: =Posix!C36 -> 1811.3333 | E6: =Posix!D36 -> 437.8 | F6: =Posix!E36 -> 1941.6 | I6: 1 | J6: =Posix!B72 -> 7029.1333 | K6: =Posix!C72 -> 1709.8333 | L6: =Posix!D72 -> 1907 | M6: =Posix!E72 -> 4089.3 | P6: 1 | Q6: =Posix!B108 -> 492496.13 | R6: =Posix!C108 -> 114393.7 | S6: =Posix!D108 -> 231003 | T6: =Posix!E108 -> 395578.33
B7: 2 | C7: =Posix!G36 -> 607.2 | D7: =Posix!H36 -> 1046.7 | E7: =Posix!I36 -> 168 | F7: =Posix!J36 -> 1133.1 | I7: 2 | J7: =Posix!G72 -> 4027.3 | K7: =Posix!H72 -> 1229.3667 | L7: =Posix!I72 -> 1078 | M7: =Posix!J72 -> 2588.7667 | P7: 2 | Q7: =Posix!G108 -> 253957.7 | R7: =Posix!H108 -> 109309 | S7: =Posix!I108 -> 122967.5 | T7: =Posix!J108 -> 161960.47
B8: 4 | C8: =Posix!L36 -> 588.63333 | D8: =Posix!M36 -> 1447.4 | E8: =Posix!N36 -> 229 | F8: =Posix!O36 -> 1217.6667 | I8: 4 | J8: =Posix!L72 -> 1761.3 | K8: =Posix!M72 -> 1223.2667 | L8: =Posix!N72 -> 674 | M8: =Posix!O72 -> 2207.2333 | P8: 4 | Q8: =Posix!L108 -> 129507.53 | R8: =Posix!M108 -> 114348.33 | S8: =Posix!N108 -> 77034.1 | T8: =Posix!O108 -> 139152.87
B9: 8 | C9: =Posix!Q36 -> 644.8 | D9: =Posix!R36 -> 1261.6333 | E9: =Posix!S36 -> 448 | F9: =Posix!T36 -> 1862.3 | I9: 8 | J9: =Posix!Q72 -> 1444.2667 | K9: =Posix!R72 -> 1577.0667 | L9: =Posix!S72 -> 707 | M9: =Posix!T72 -> 1884.4667 | P9: 8 | Q9: =Posix!Q108 -> 125072.57 | R9: =Posix!R108 -> 120554.93 | S9: =Posix!S108 -> 47523.233 | T9: =Posix!T108 -> 91218.1
B10: 10 | C10: =Posix!V36 -> 671.46667 | D10: =Posix!W36 -> 1182.2667 | E10: =Posix!X36 -> 430 | F10: =Posix!Y36 -> 1986.6667 | I10: 10 | J10: =Posix!V72 -> 1690.7333 | K10: =Posix!W72 -> 1974.8 | L10: =Posix!X72 -> 813.66667 | M10: =Posix!Y72 -> 2203.3 | P10: 10 | Q10: =Posix!V108 -> 127562.77 | R10: =Posix!W108 -> 131966.13 | S10: =Posix!X108 -> 39510.6 | T10: =Posix!Y108 -> 78180.567
B13: PROMEDIOS PARA MATRIZ 1000x1000 | I13: PROMEDIOS PARA MATRIZ 1500x1500
C14: SISTEMA OPERATIVO | J14: SISTEMA OPERATIVO
B15: # de Hilos | C15: VM Javeriana Ubuntu 4 hilos | D15: Replit 8 hilos | E15: Subsistema de Windows para Linux (Ubuntu) 12 hilos | F15: Subsistema de Windows para Linux (Ubuntu) 16 hilos | I15: # de Hilos | J15: VM Javeriana Ubuntu 4 hilos | K15: Replit 8 hilos | L15: Subsistema de Windows para Linux (Ubuntu) 12 hilos | M15: Subsistema de Windows para Linux (Ubuntu) 16 hilos
B16: 1 | C16: =Posix!B144 -> 4966478.6 | D16: =Posix!C144 -> 933697.57 | E16: =Posix!D144 -> 1991854.5 | F16: =Posix!E144 -> 3856719 | I16: 1 | J16: =Posix!B180 -> 21374005 | K16: =Posix!C180 -> 5042656.3 | L16: =Posix!D180 -> 8612529.7 | M16: =Posix!E180 -> 18041016
B17: 2 | C17: =Posix!G144 -> 2422897.3 | D17: =Posix!H144 -> 920751.43 | E17: =Posix!I144 -> 1084408.6 | F17: =Posix!J144 -> 2147555.2 | I17: 2 | J17: =Posix!G180 -> 10246799 | K17: =Posix!H180 -> 4607654.7 | L17: =Posix!I180 -> 4943792.3 | M17: =Posix!J180 -> 9663883.4
B18: 4 | C18: =Posix!L144 -> 1100681.2 | D18: =Posix!M144 -> 995521.73 | E18: =Posix!N144 -> 679094.43 | F18: =Posix!O144 -> 1378772.2 | I18: 4 | J18: =Posix!L180 -> 5265513.9 | K18: =Posix!M180 -> 4610709.5 | L18: =Posix!N180 -> 2903714.2 | M18: =Posix!O180 -> 6308605.2
B19: 8 | C19: =Posix!Q144 -> 1066073.6 | D19: =Posix!W144 -> 1067881.6 | E19: =Posix!S144 -> 446858.97 | F19: =Posix!T144 -> 934070.4 | I19: 8 | J19: =Posix!Q180 -> 4128583.6 | K19: =Posix!R180 -> 4762460.6 | L19: =Posix!S180 -> 2026874.8 | M19: =Posix!T180 -> 4580479.2
B20: 10 | C20: =Posix!V144 -> 1067517.3 | D20: =Posix!W144 -> 1067881.6 | E20: =Posix!X144 -> 401744.87 | F20: =Posix!Y144 -> 843160.3 | I20: 10 | J20: =Posix!V180 -> 4422448.1 | K20: =Posix!W180 -> 4807465 | L20: =Posix!X180 -> 1941274.8 | M20: =Posix!Y180 -> 4524992.3

Sheet FilasOpenMP
B3: filasOpenMP | G3: filasOpenMP | L3: filasOpenMP | Q3: filasOpenMP | V3: filasOpenMP
B4: Tamaño Matriz: 50 Hilos:1 | G4: Tamaño Matriz:50 Hilos:2 | L4: Tamaño Matriz:50 Hilos:4 | Q4: Tamaño Matriz:50 Hilos:8 | V4: Tamaño Matriz:50 Hilos:10
B5: VM Javeriana Ubuntu 4 hilos | C5: Replit 8 hilos | D5: Subsistema de Windows para Linux (Ubuntu) 12 hilos | E5: Subsistema de Windows para Linux (Ubuntu) 16 hilos | G5: VM Javeriana Ubuntu 4 hilos | H5: Replit 8 hilos | I5: Subsistema de Windows para Linux (Ubuntu) 12 hilos | J5: Subsistema de Windows para Linux (Ubuntu) 16 hilos | L5: VM Javeriana Ubuntu 4 hilos | M5: Replit 8 hilos | N5: Subsistema de Windows para Linux (Ubuntu) 12 hilos | O5: Subsistema de Windows para Linux (Ubuntu) 16 hilos | Q5: VM Javeriana Ubuntu 4 hilos | R5: Replit 8 hilos | S5: Subsistema de Windows para Linux (Ubuntu) 12 hilos | T5: Subsistema de Windows para Linux (Ubuntu) 16 hilos | V5: VM Javeriana Ubuntu 4 hilos | W5: Replit 8 hilos | X5: Subsistema de Windows para Linux (Ubuntu) 12 hilos | Y5: Subsistema de Windows para Linux (Ubuntu) 16 hilos
B6: 690 | C6: 111 | D6: 241 | E6: 1190 | G6: 696 | H6: 172 | I6: 317 | J6: 1471 | L6: 1389 | M6: 11588 | N6: 747 | O6: 2068 | Q6: 826 | R6: 444 | S6: 2687 | T6: 2852 | V6: 985 | W6: 463 | X6: 3088 | Y6: 2956
B7: 1165 | C7: 145 | D7: 266 | E7: 449 | G7: 610 | H7: 8536 | I7: 370 | J7: 2133 | L7: 1054 | M7: 5782 | N7: 2423 | O7: 3701 | Q7: 795 | R7: 578 | S7: 1731 | T7: 2369 | V7: 797 | W7: 594 | X7: 1280 | Y7: 2665
B8: 1025 | C8: 153 | D8: 241 | E8: 435 | G8: 609 | H8: 188 | I8: 3056 | J8: 1392 | L8: 807 | M8: 83560 | N8: 2529 | O8: 2196 | Q8: 839 | R8: 1187 | S8: 2301 | T8: 2806 | V8: 816 | W8: 470 | X8: 1376 | Y8: 3484
B9: 661 | C9: 157 | D9: 268 | E9: 641 | G9: 1054 | H9: 11629 | I9: 369 | J9: 1457 | L9: 6082 | M9: 5674 | N9: 698 | O9: 1840 | Q9: 6710 | R9: 537 | S9: 1737 | T9: 2406 | V9: 924 | W9: 657 | X9: 1028 | Y9: 6293
B10: 509 | C10: 151 | D10: 266 | E10: 434 | G10: 6118 | H10: 162 | I10: 382 | J10: 1168 | L10: 5611 | M10: 9572 | N10: 670 | O10: 2939 | Q10: 4150 | R10: 493 | S10: 1745 | T10: 2864 | V10: 907 | W10: 483 | X10: 1454 | Y10: 3043
B11: 510 | C11: 149 | D11: 264 | E11: 413 | G11: 741 | H11: 8268 | I11: 3410 | J11: 1496 | L11: 4668 | M11: 6450 | N11: 791 | O11: 3873 | Q11: 7139 | R11: 25204 | S11: 1297 | T11: 5713 | V11: 864 | W11: 631 | X11: 4064 | Y11: 3071
B12: 525 | C12: 147 | D12: 298 | E12: 395 | G12: 1577 | H12: 147 | I12: 338 | J12: 1180 | L12: 7923 | M12: 205 | N12: 693 | O12: 2166 | Q12: 792 | R12: 12328 | S12: 2459 | T12: 2822 | V12: 5782 | W12: 463 | X12: 2754 | Y12: 6791
B13: 509 | C13: 170 | D13: 263 | E13: 390 | G13: 1698 | H13: 667 | I13: 2640 | J13: 1682 | L13: 657 | M13: 435 | N13: 711 | O13: 2255 | Q13: 722 | R13: 867 | S13: 983 | T13: 3318 | V13: 821 | W13: 558 | X13: 3793 | Y13: 3200
B14: 548 | C14: 86 | D14: 264 | E14: 418 | G14: 1287 | H14: 149 | I14: 372 | J14: 1522 | L14: 650 | M14: 539 | N14: 1129 | O14: 2135 | Q14: 849 | R14: 3050 | S14: 1347 | T14: 2909 | V14: 855 | W14: 706 | X14: 1021 | Y14: 6032
B15: 533 | C15: 80 | D15: 263 | E15: 386 | G15: 1669 | H15: 157 | I15: 3145 | J15: 1441 | L15: 631 | M15: 4021 | N15: 1071 | O15: 2159 | Q15: 788 | R15: 3189 | S15: 1305 | T15: 3253 | V15: 907 | W15: 620 | X15: 1474 | Y15: 3083
B16: 538 | C16: 149 | D16: 265 | E16: 408 | G16: 1170 | H16: 1445 | I16: 407 | J16: 1137 | L16: 790 | M16: 189 | N16: 1179 | O16: 3536 | Q16: 1063 | R16: 493 | S16: 1462 | T16: 2588 | V16: 850 | W16: 562 | X16: 1037 | Y16: 3118
B17: 539 | C17: 153 | D17: 264 | E17: 522 | G17: 1244 | H17: 755 | I17: 381 | J17: 1421 | L17: 674 | M17: 1866 | N17: 848 | O17: 1989 | Q17: 988 | R17: 861 | S17: 1485 | T17: 3057 | V17: 1201 | W17: 1015 | X17: 1045 | Y17: 3276
... B35: 509 | C35: 149 | D35: 240 | E35: 382 | G35: 1028 | H35: 169 | I35: 387 | J35: 1376 | L35: 6837 | M35: 13137 | N35: 758 | O35: 5247 | Q35: 6906 | R35: 3247 | S35: 1632 | T35: 2510 | V35: 6586 | W35: 580 | X35: 1178 | Y35: 3249
A36: Promedio | B36: =AVERAGE(B6:B35) -> 663.96667 | C36: =AVERAGE(C6:C35) -> 141.06667 | D36: =AVERAGE(D6:D35) -> 256.33333 | E36: =AVERAGE(E6:E35) -> 457.06667 | G36: =AVERAGE(G6:G35) -> 1792.3333 | H36: =AVERAGE(H6:H35) -> 1776.8 | I36: 168 | J36: =AVERAGE(J6:J35) -> 1481.8 | L36: =AVERAGE(L6:L35) -> 2572.4667 | M36: =AVERAGE(M6:M35) -> 7505.6333 | N36: 229 | O36: =AVERAGE(O6:O35) -> 2822.5333 | Q36: =AVERAGE(Q6:Q35) -> 2306.6333 | R36: =AVERAGE(R6:R35) -> 3525.7 | S36: 448 | T36: =AVERAGE(T6:T35) -> 3330.4667 | V36: =AVERAGE(V6:V35) -> 2194.8667 | W36: =AVERAGE(W6:W35) -> 1583.5333 | X36: 430 | Y36: =AVERAGE(Y6:Y35) -> 4624.5333
B39: filasOpenMP | G39: filasOpenMP | L39: filasOpenMP | Q39: filasOpenMP | V39: filasOpenMP
B40: Tamaño Matriz: 100 Hilos:1 | G40: Tamaño Matriz:100 Hilos:2 | L40: Tamaño Matriz:100 Hilos:4 | Q40: Tamaño Matriz:100 Hilos:8 | V40: Tamaño Matriz:100 Hilos:10
B41: VM Javeriana Ubuntu 4 hilos | C41: Replit 8 hilos | D41: Subsistema de Windows para Linux (Ubuntu) 12 hilos | E41: Subsistema de Windows para Linux (Ubuntu) 16 hilos | G41: VM Javeriana Ubuntu 4 hilos | H41: Replit 8 hilos | I41: Subsistema de Windows para Linux (Ubuntu) 12 hilos | J41: Subsistema de Windows para Linux (Ubuntu) 16 hilos | L41: VM Javeriana Ubuntu 4 hilos | M41: Replit 8 hilos | N41: Subsistema de Windows para Linux (Ubuntu) 12 hilos | O41: Subsistema de Windows para Linux (Ubuntu) 16 hilos | Q41: VM Javeriana Ubuntu 4 hilos | R41: Replit 8 hilos | S41: Subsistema de Windows para Linux (Ubuntu) 12 hilos | T41: Subsistema de Windows para Linux (Ubuntu) 16 hilos | V41: VM Javeriana Ubuntu 4 hilos | W41: Replit 8 hilos | X41: Subsistema de Windows para Linux (Ubuntu) 12 hilos | Y41: Subsistema de Windows para Linux (Ubuntu) 16 hilos
B42: 4698 | C42: 1299 | D42: 2131 | E42: 3351 | G42: 11688 | H42: 412 | I42: 2304 | J42: 8485 | L42: 9946 | M42: 31900 | N42: 4835 | O42: 32415 | Q42: 59488 | R42: 62560 | S42: 6670 | T42: 13305 | V42: 4530 | W42: 3451 | X42: 7147 | Y42: 14176
B43: 4570 | C43: 1343 | D43: 2086 | E43: 4029 | G43: 9232 | H43: 622 | I43: 1961 | J43: 8600 | L43: 55188 | M43: 3575 | N43: 5706 | O43: 30012 | Q43: 53327 | R43: 17041 | S43: 8279 | T43: 12445 | V43: 5060 | W43: 1443 | X43: 6522 | Y43: 15458
B44: 4232 | C44: 1185 | D44: 2109 | E44: 3189 | G44: 4215 | H44: 633 | I44: 22248 | J44: 11045 | L44: 4342 | M44: 18702 | N44: 4943 | O44: 27272 | Q44: 7522 | R44: 4839 | S44: 6804 | T44: 40440 | V44: 4272 | W44: 1298 | X44: 16777 | Y44: 16415
B45: 4245 | C45: 1253 | D45: 2121 | E45: 3088 | G45: 4050 | H45: 41886 | I45: 2355 | J45: 7775 | L45: 4271 | M45: 8730 | N45: 16983 | O45: 10824 | Q45: 60211 | R45: 8524 | S45: 7967 | T45: 15033 | V45: 8238 | W45: 1438 | X45: 5730 | Y45: 48093
B46: 4362 | C46: 1154 | D46: 2121 | E46: 3469 | G46: 4044 | H46: 849 | I46: 2271 | J46: 8404 | L46: 4329 | M46: 436 | N46: 5469 | O46: 10771 | Q46: 5164 | R46: 4147 | S46: 8842 | T46: 42480 | V46: 52108 | W46: 1405 | X46: 6459 | Y46: 17128
B47: 5583 | C47: 13323 | D47: 2090 | E47: 2989 | G47: 56455 | H47: 676 | I47: 23264 | J47: 8285 | L47: 6559 | M47: 2036 | N47: 4864 | O47: 30623 | Q47: 5860 | R47: 15630 | S47: 6149 | T47: 43358 | V47: 6072 | W47: 1176 | X47: 6615 | Y47: 16517
B48: 8771 | C48: 1169 | D48: 2137 | E48: 2908 | G48: 13227 | H48: 2562 | I48: 2096 | J48: 9492 | L48: 4833 | M48: 18485 | N48: 4797 | O48: 10422 | Q48: 5286 | R48: 1082 | S48: 6489 | T48: 42856 | V48: 55045 | W48: 1616 | X48: 6540 | Y48: 16320
B49: 7021 | C49: 1177 | D49: 1990 | E49: 3042 | G49: 45219 | H49: 4751 | I49: 2683 | J49: 8937 | L49: 4382 | M49: 7903 | N49: 7184 | O49: 36344 | Q49: 6109 | R49: 2887 | S49: 18158 | T49: 14305 | V49: 46906 | W49: 1502 | X49: 18455 | Y49: 16331
B50: 4994 | C50: 1148 | D50: 2045 | E50: 3142 | G50: 39175 | H50: 9268 | I50: 21298 | J50: 9526 | L50: 4375 | M50: 6443 | N50: 12668 | O50: 41669 | Q50: 5365 | R50: 1107 | S50: 6373 | T50: 12443 | V50: 5180 | W50: 1332 | X50: 5530 | Y50: 14709
B51: 4449 | C51: 1008 | D51: 2034 | E51: 3022 | G51: 6028 | H51: 775 | I51: 2383 | J51: 8388 | L51: 4405 | M51: 5377 | N51: 5870 | O51: 30730 | Q51: 55218 | R51: 6703 | S51: 17484 | T51: 13133 | V51: 4568 | W51: 1064 | X51: 6383 | Y51: 49049
B52: 4379 | C52: 662 | D52: 1894 | E52: 2911 | G52: 8689 | H52: 3595 | I52: 2578 | J52: 8008 | L52: 51900 | M52: 17272 | N52: 4943 | O52: 13070 | Q52: 6813 | R52: 916 | S52: 6385 | T52: 38990 | V52: 56970 | W52: 1038 | X52: 6559 | Y52: 17581
B53: 9249 | C53: 898 | D53: 1965 | E53: 3101 | G53: 4020 | H53: 4292 | I53: 17026 | J53: 9471 | L53: 7000 | M53: 7550 | N53: 4658 | O53: 11104 | Q53: 7352 | R53: 2201 | S53: 5920 | T53: 13628 | V53: 4899 | W53: 1009 | X53: 18093 | Y53: 48532
... B71: 5157 | C71: 940 | D71: 1894 | E71: 3159 | G71: 54487 | H71: 652 | I71: 2491 | J71: 8369 | L71: 4336 | M71: 17106 | N71: 7618 | O71: 12934 | Q71: 6180 | R71: 1104 | S71: 19188 | T71: 13183 | V71: 4495 | W71: 1551 | X71: 7551 | Y71: 49321
A72: Promedio | B72: =AVERAGE(B42:B71) -> 6334.4333 | C72: =AVERAGE(C42:C71) -> 1506.4667 | D72: 1907 | E72: =AVERAGE(E42:E71) -> 3184.3333 | G72: =AVERAGE(G42:G71) -> 27133.733 | H72: =AVERAGE(H42:H71) -> 4336 | I72: 1078 | J72: =AVERAGE(J42:J71) -> 8739.2667 | L72: =AVERAGE(L42:L71) -> 15153.7 | M72: =AVERAGE(M42:M71) -> 8065 | N72: 674 | O72: =AVERAGE(O42:O71) -> 19000.233 | Q72: =AVERAGE(Q42:Q71) -> 19429.467 | R72: =AVERAGE(R42:R71) -> 5557.4667 | S72: 707 | T72: =AVERAGE(T42:T71) -> 23081.433 | V72: =AVERAGE(V42:V71) -> 24563.7 | W72: =AVERAGE(W42:W71) -> 1994 | X72: =AVERAGE(X42:X71) -> 8728.7 | Y72: =AVERAGE(Y42:Y71) -> 25875.9
B75: filasOpenMP | G75: filasOpenMP | L75: filasOpenMP | Q75: filasOpenMP | V75: filasOpenMP
B76: Tamaño Matriz: 500 Hilos:1 | G76: Tamaño Matriz:500 Hilos:2 | L76: Tamaño Matriz:500 Hilos:4 | Q76: Tamaño Matriz:500 Hilos:8 | V76: Tamaño Matriz:500 Hilos:10
B77: VM Javeriana Ubuntu 4 hilos | C77: Replit 8 hilos | D77: Subsistema de Windows para Linux (Ubuntu) 12 hilos | E77: Subsistema de Windows para Linux (Ubuntu) 16 hilos | G77: VM Javeriana Ubuntu 4 hilos | H77: Replit 8 hilos | I77: Subsistema de Windows para Linux (Ubuntu) 12 hilos | J77: Subsistema de Windows para Linux (Ubuntu) 16 hilos | L77: VM Javeriana Ubuntu 4 hilos | M77: Replit 8 hilos | N77: Subsistema de Windows para Linux (Ubuntu) 12 hilos | O77: Subsistema de Windows para Linux (Ubuntu) 16 hilos | Q77: VM Javeriana Ubuntu 4 hilos | R77: Replit 8 hilos | S77: Subsistema de Windows para Linux (Ubuntu) 12 hilos | T77: Subsistema de Windows para Linux (Ubuntu) 16 hilos | V77: VM Javeriana Ubuntu 4 hilos | W77: Replit 8 hilos | X77: Subsistema de Windows para Linux (Ubuntu) 12 hilos | Y77: Subsistema de Windows para Linux (Ubuntu) 16 hilos
B78: 527828 | C78: 128922 | D78: 248085 | E78: 402993 | G78: 521031 | H78: 162582 | I78: 321562 | J78: 1118231 | L78: 6879929 | M78: 138674 | N78: 401397 | O78: 1434722 | Q78: 540340 | R78: 88045 | S78: 524356 | T78: 3281503 | V78: 536241 | W78: 109592 | X78: 542096 | Y78: 5995607
B79: 511297 | C79: 153156 | D79: 243966 | E79: 398860 | G79: 534864 | H79: 141747 | I79: 371024 | J79: 1041156 | L79: 6860571 | M79: 120365 | N79: 373664 | O79: 1751810 | Q79: 5879543 | R79: 160287 | S79: 507362 | T79: 1667951 | V79: 528292 | W79: 150452 | X79: 2201564 | Y79: 1795648
B80: 540376 | C80: 170462 | D80: 253077 | E80: 386500 | G80: 491258 | H80: 115133 | I80: 2294014 | J80: 1054565 | L80: 6807297 | M80: 168035 | N80: 377708 | O80: 4473720 | Q80: 563602 | R80: 122644 | S80: 445277 | T80: 5545645 | V80: 513122 | W80: 108686 | X80: 528342 | Y80: 1767099
B81: 526719 | C81: 161257 | D81: 242695 | E81: 399880 | G81: 598578 | H81: 163288 | I81: 278795 | J81: 1020494 | L81: 500398 | M81: 116892 | N81: 354106 | O81: 1391377 | Q81: 551964 | R81: 134547 | S81: 2318598 | T81: 1806390 | V81: 501707 | W81: 98182 | X81: 595022 | Y81: 1780800
B82: 528273 | C82: 167682 | D82: 242531 | E82: 404683 | G82: 557229 | H82: 137036 | I82: 375190 | J82: 1461747 | L82: 529335 | M82: 199594 | N82: 1974172 | O82: 1459687 | Q82: 505630 | R82: 159759 | S82: 515608 | T82: 1825107 | V82: 536342 | W82: 158278 | X82: 547950 | Y82: 1773589
B83: 540567 | C83: 196732 | D83: 251915 | E83: 456908 | G83: 531603 | H83: 150842 | I83: 325279 | J83: 1476382 | L83: 550161 | M83: 134521 | N83: 378033 | O83: 1561606 | Q83: 527825 | R83: 135509 | S83: 971509 | T83: 5466789 | V83: 559448 | W83: 147782 | X83: 575575 | Y83: 3824290
B84: 527033 | C84: 188440 | D84: 245426 | E84: 403709 | G84: 526224 | H84: 137313 | I84: 2230915 | J84: 1049462 | L84: 6444697 | M84: 170988 | N84: 429843 | O84: 1512262 | Q84: 530550 | R84: 158271 | S84: 525912 | T84: 1672141 | V84: 528899 | W84: 71444 | X84: 2223715 | Y84: 1808359
B85: 525598 | C85: 169628 | D85: 244756 | E85: 431788 | G85: 6927829 | H85: 147207 | I85: 344311 | J85: 1374881 | L85: 522014 | M85: 107697 | N85: 437291 | O85: 1406718 | Q85: 6774859 | R85: 216838 | S85: 532029 | T85: 5346075 | V85: 6663040 | W85: 178991 | X85: 581596 | Y85: 1841065
B86: 548451 | C86: 168049 | D86: 242885 | E86: 405767 | G86: 546165 | H86: 100463 | I86: 381901 | J86: 1026280 | L86: 7169736 | M86: 214433 | N86: 408647 | O86: 1438917 | Q86: 551032 | R86: 159042 | S86: 513198 | T86: 1650827 | V86: 533030 | W86: 127127 | X86: 509021 | Y86: 1831991
B87: 535298 | C87: 137324 | D87: 249734 | E87: 398765 | G87: 513964 | H87: 177722 | I87: 333187 | J87: 1319338 | L87: 544591 | M87: 131097 | N87: 2254782 | O87: 1478468 | Q87: 537370 | R87: 79802 | S87: 518431 | T87: 1640792 | V87: 530630 | W87: 133480 | X87: 2206953 | Y87: 1808587
B88: 531399 | C88: 173650 | D88: 247540 | E88: 388069 | G88: 551263 | H88: 154461 | I88: 333583 | J88: 1360106 | L88: 519891 | M88: 108233 | N88: 368696 | O88: 3996266 | Q88: 536940 | R88: 133604 | S88: 521946 | T88: 3092299 | V88: 508976 | W88: 120823 | X88: 540431 | Y88: 1816037
B89: 525968 | C89: 158658 | D89: 252351 | E89: 384160 | G89: 500547 | H89: 170468 | I89: 316743 | J89: 1070320 | L89: 513036 | M89: 104505 | N89: 394963 | O89: 1374435 | Q89: 536724 | R89: 121653 | S89: 505003 | T89: 1698173 | V89: 507817 | W89: 125771 | X89: 2237756 | Y89: 1812225
... B107: 546798 | C107: 207369 | D107: 245110 | E107: 391010 | G107: 510649 | H107: 144111 | I107: 297720 | J107: 1031761 | L107: 506579 | M107: 193998 | N107: 2431855 | O107: 1390350 | Q107: 527926 | R107: 143200 | S107: 518823 | T107: 1682017 | V107: 510482 | W107: 115881 | X107: 538924 | Y107: 1820738
A108: Promedio | B108: =AVERAGE(B78:B107) -> 535523.8 | C108: =AVERAGE(C78:C107) -> 160720.4 | D108: =AVERAGE(D78:D107) -> 246135.73 | E108: =AVERAGE(E78:E107) -> 331521.13 | G108: =AVERAGE(G78:G107) -> 1641799.3 | H108: =AVERAGE(H78:H107) -> 146649.63 | I108: =AVERAGE(I78:I107) -> 706038.93 | J108: =AVERAGE(J78:J107) -> 1082274.2 | L108: =AVERAGE(L78:L107) -> 2381290.8 | M108: =AVERAGE(M78:M107) -> 146732.53 | N108: =AVERAGE(N78:N107) -> 890051.33 | O108: =AVERAGE(O78:O107) -> 1842179.4 | Q108: =AVERAGE(Q78:Q107) -> 1512878.2 | R108: =AVERAGE(R78:R107) -> 135386.9 | S108: =AVERAGE(S78:S107) -> 763243.6 | T108: =AVERAGE(T78:T107) -> 2468527 | V108: =AVERAGE(V78:V107) -> 1336721.1 | W108: =AVERAGE(W78:W107) -> 131370.33 | X108: =AVERAGE(X78:X107) -> 1014267.5 | Y108: =AVERAGE(Y78:Y107) -> 2509010.3
B111: filasOpenMP | G111: filasOpenMP | L111: filasOpenMP | Q111: filasOpenMP | V111: filasOpenMP
B112: Tamaño Matriz: 1000 Hilos:1 | G112: Tamaño Matriz:1000 Hilos:2 | L112: Tamaño Matriz:1000 Hilos:4 | Q112: Tamaño Matriz:1000 Hilos:8 | V112: Tamaño Matriz:1000 Hilos:10
B113: VM Javeriana Ubuntu 4 hilos | C113: Replit 8 hilos | D113: Subsistema de Windows para Linux (Ubuntu) 12 hilos | E113: Subsistema de Windows para Linux (Ubuntu) 16 hilos | G113: VM Javeriana Ubuntu 4 hilos | H113: Replit 8 hilos | I113: Subsistema de Windows para Linux (Ubuntu) 12 hilos | J113: Subsistema de Windows para Linux (Ubuntu) 16 hilos | L113: VM Javeriana Ubuntu 4 hilos | M113: Replit 8 hilos | N113: Subsistema de Windows para Linux (Ubuntu) 12 hilos | O113: Subsistema de Windows para Linux (Ubuntu) 16 hilos | Q113: VM Javeriana Ubuntu 4 hilos | R113: Replit 8 hilos | S113: Subsistema de Windows para Linux (Ubuntu) 12 hilos | T113: Subsistema de Windows para Linux (Ubuntu) 16 hilos | V113: VM Javeriana Ubuntu 4 hilos | W113: Replit 8 hilos | X113: Subsistema de Windows para Linux (Ubuntu) 12 hilos | Y113: Subsistema de Windows para Linux (Ubuntu) 16 hilos
B114: 4215743 | C114: 1329523 | D114: 1992725 | E114: 1253331 | G114: 56349915 | H114: 1012556 | I114: 2614902 | J114: 8335075 | L114: 4372088 | M114: 1126427 | N114: 19247089 | O114: 8853873 | Q114: 49223979 | R114: 1064820 | S114: 19293622 | T114: 10799350 | V114: 50655728 | W114: 1062380 | X114: 4628495 | Y114: 41395123
B115: 4206160 | C115: 1241019 | D115: 1973418 | E115: 3700150 | G115: 4278389 | H115: 1074706 | I115: 2635904 | J115: 8299424 | L115: 53263752 | M115: 1090284 | N115: 2735083 | O115: 11125444 | Q115: 51965701 | R115: 1054536 | S115: 4106020 | T115: 39739767 | V115: 47650261 | W115: 1065656 | X115: 4414336 | Y115: 13759744
B116: 3291323 | C116: 1123894 | D116: 1951282 | E116: 3167373 | G116: 58524644 | H116: 1050775 | I116: 2418782 | J116: 8172402 | L116: 51350035 | M116: 1105881 | N116: 3253885 | O116: 10984941 | Q116: 3985470 | R116: 1066028 | S116: 4313114 | T116: 39450736 | V116: 51960834 | W116: 1068973 | X116: 4288635 | Y116: 11596651
B117: 3991558 | C117: 1262509 | D117: 1980175 | E117: 3231230 | G117: 3898303 | H117: 1098825 | I117: 2298698 | J117: 6013909 | L117: 51111255 | M117: 1097109 | N117: 2795308 | O117: 8792444 | Q117: 4164475 | R117: 1049876 | S117: 18242497 | T117: 10692639 | V117: 3964194 | W117: 1095623 | X117: 4605074 | Y117: 13839252
B118: 4221234 | C118: 1212298 | D118: 1980784 | E118: 3214283 | G118: 4313944 | H118: 1041267 | I118: 2416160 | J118: 8114985 | L118: 49808285 | M118: 1059264 | N118: 3018530 | O118: 27843994 | Q118: 4016040 | R118: 1089306 | S118: 18931053 | T118: 39580617 | V118: 52038531 | W118: 1107557 | X118: 4591388 | Y118: 44318194
B119: 4304651 | C119: 1211682 | D119: 1991187 | E119: 3224613 | G119: 4128292 | H119: 1020129 | I119: 2373810 | J119: 8185600 | L119: 4325242 | M119: 1087894 | N119: 3272201 | O119: 28614905 | Q119: 51705088 | R119: 1054767 | S119: 3665255 | T119: 13109411 | V119: 4125622 | W119: 1099150 | X119: 5292779 | Y119: 11953128
B120: 4239752 | C120: 1213007 | D120: 1986561 | E120: 3186370 | G120: 56319382 | H120: 1137966 | I120: 2633824 | J120: 8239551 | L120: 50524659 | M120: 1146847 | N120: 3045244 | O120: 9047594 | Q120: 3556867 | R120: 1062018 | S120: 18971077 | T120: 10547604 | V120: 3840380 | W120: 1412152 | X120: 4442376 | Y120: 43860534
B121: 4239050 | C121: 1185899 | D121: 2600187 | E121: 3180720 | G121: 4403950 | H121: 1285912 | I121: 17492876 | J121: 5881661 | L121: 50029725 | M121: 1100953 | N121: 3330175 | O121: 11633514 | Q121: 3962859 | R121: 1106302 | S121: 3729729 | T121: 12906065 | V121: 4339777 | W121: 1085683 | X121: 17623711 | Y121: 11776589
B122: 4191724 | C122: 1115476 | D122: 1987367 | E122: 3141339 | G122: 57111694 | H122: 1292438 | I122: 2525813 | J122: 8296749 | L122: 51812487 | M122: 1089915 | N122: 3831401 | O122: 28064451 | Q122: 4652672 | R122: 1077580 | S122: 3609242 | T122: 10858891 | V122: 50402002 | W122: 1147352 | X122: 18208324 | Y122: 13676179
B123: 4382637 | C123: 1134626 | D123: 1986706 | E123: 3147248 | G123: 3466601 | H123: 1125376 | I123: 2631391 | J123: 8270714 | L123: 52529110 | M123: 1095212 | N123: 3310095 | O123: 11317823 | Q123: 4294957 | R123: 1195598 | S123: 18567108 | T123: 12867704 | V123: 3845819 | W123: 1066156 | X123: 4469011 | Y123: 11552165
B124: 4259057 | C124: 1290551 | D124: 2003723 | E124: 3162692 | G124: 58008601 | H124: 1083184 | I124: 18269134 | J124: 8117483 | L124: 53070729 | M124: 1138749 | N124: 3198255 | O124: 8605997 | Q124: 4006193 | R124: 1108541 | S124: 4943244 | T124: 38812678 | V124: 52390037 | W124: 1100583 | X124: 4470910 | Y124: 43264272
B125: 4300301 | C125: 1265861 | D125: 1997541 | E125: 3316654 | G125: 4391751 | H125: 1029037 | I125: 18123206 | J125: 5961341 | L125: 3928892 | M125: 1118935 | N125: 2784122 | O125: 11330783 | Q125: 3994813 | R125: 1106318 | S125: 18366621 | T125: 10609614 | V125: 3973469 | W125: 1066894 | X125: 18124925 | Y125: 13802235
... B143: 4255605 | C143: 1152960 | D143: 2005081 | E143: 3170462 | G143: 4277788 | H143: 1067803 | I143: 2690150 | J143: 8348609 | L143: 4458720 | M143: 1108368 | N143: 3255741 | O143: 11007182 | Q143: 4368841 | R143: 1057493 | S143: 19037536 | T143: 39267987 | V143: 4115347 | W143: 1083963 | X143: 18128791 | Y143: 13746122
A144: Promedio | B144: =AVERAGE(B114:B143) -> 4150145.5 | C144: =AVERAGE(C114:C143) -> 1213799.6 | D144: =AVERAGE(D114:D143) -> 2026459.8 | E144: =AVERAGE(E114:E143) -> 3066932.6 | G144: =AVERAGE(G114:G143) -> 18118152 | H144: =AVERAGE(H114:H143) -> 1099939.3 | I144: =AVERAGE(I114:I143) -> 4612067.7 | J144: =AVERAGE(J114:J143) -> 8776908.1 | L144: =AVERAGE(L114:L143) -> 26157941 | M144: =AVERAGE(M114:M143) -> 1103606.8 | N144: =AVERAGE(N114:N143) -> 6340739.6 | O144: =AVERAGE(O114:O143) -> 15083006 | Q144: =AVERAGE(Q114:Q143) -> 11914620 | R144: =AVERAGE(R114:R143) -> 1078264.3 | S144: =AVERAGE(S114:S143) -> 9448166.8 | T144: =AVERAGE(T114:T143) -> 20001530 | V144: =AVERAGE(V114:V143) -> 19680356 | W144: =AVERAGE(W114:W143) -> 1097460.4 | X144: =AVERAGE(X114:X143) -> 6796339 | Y144: =AVERAGE(Y114:Y143) -> 20796825
B147: ClasicaPosix | G147: ClasicaPosix | L147: ClasicaPosix | Q147: ClasicaPosix | V147: ClasicaPosix
B148: Tamaño Matriz: 1500 Hilos:1 | G148: Tamaño Matriz:1500 Hilos:2 | L148: Tamaño Matriz:1500 Hilos:4 | Q148: Tamaño Matriz:1500 Hilos:8 | V148: Tamaño Matriz:1500 Hilos:10
B149: VM Javeriana Ubuntu 4 hilos | C149: Replit 8 hilos | D149: Subsistema de Windows para Linux (Ubuntu) 12 hilos | E149: Subsistema de Windows para Linux (Ubuntu) 16 hilos | G149: VM Javeriana Ubuntu 4 hilos | H149: Replit 8 hilos | I149: Subsistema de Windows para Linux (Ubuntu) 12 hilos | J149: Subsistema de Windows para Linux (Ubuntu) 16 hilos | L149: VM Javeriana Ubuntu 4 hilos | M149: Replit 8 hilos | N149: Subsistema de Windows para Linux (Ubuntu) 12 hilos | O149: Subsistema de Windows para Linux (Ubuntu) 16 hilos | Q149: VM Javeriana Ubuntu 4 hilos | R149: Replit 8 hilos | S149: Subsistema de Windows para Linux (Ubuntu) 12 hilos | T149: Subsistema de Windows para Linux (Ubuntu) 16 hilos | V149: VM Javeriana Ubuntu 4 hilos | W149: Replit 8 hilos | X149: Subsistema de Windows para Linux (Ubuntu) 12 hilos | Y149: Subsistema de Windows para Linux (Ubuntu) 16 hilos
B150: 14369614 | C150: 4687316 | D150: 6888318 | E150: 10833970 | G150: 12825709 | H150: 3883050 | I150: 9302795 | J150: 25224212 | L150: 172525022 | M150: 3673197 | N150: 12336449 | O150: 97374418 | Q150: 13404093 | R150: 3593894 | S150: 63537490 | T150: 40889673 | V150: 175191613 | W150: 3767381 | X150: 59997556 | Y150: 42024448
B151: 13399718 | C151: 4514120 | D151: 6872510 | E151: 8371888 | G151: 188154250 | H151: 3877197 | I151: 9222082 | J151: 26965462 | L151: 12894255 | M151: 3823305 | N151: 9885865 | O151: 35535080 | Q151: 12420777 | R151: 3855365 | S151: 13309646 | T151: 39300214 | V151: 13716819 | W151: 3835335 | X151: 60179902 | Y151: 44673119
B152: 13604479 | C152: 4216067 | D152: 7483945 | E152: 10818369 | G152: 188571263 | H152: 3785615 | I152: 61581922 | J152: 25258606 | L152: 12889639 | M152: 3852123 | N152: 62402813 | O152: 96345939 | Q152: 12279498 | R152: 3706113 | S152: 62826606 | T152: 41278330 | V152: 12869188 | W152: 3844757 | X152: 16603295 | Y152: 42083896
B153: 11008623 | C153: 4752918 | D153: 6873831 | E153: 10850609 | G153: 13501137 | H153: 3868934 | I153: 8137435 | J153: 25569945 | L153: 169069264 | M153: 3746669 | N153: 9761451 | O153: 34416219 | Q153: 13585014 | R153: 3675632 | S153: 12713269 | T153: 46478730 | V153: 12097436 | W153: 3777457 | X153: 15977758 | Y153: 144039423
B154: 13160814 | C154: 4696872 | D154: 6907412 | E154: 10728194 | G154: 13962098 | H154: 3963752 | I154: 60580400 | J154: 24953232 | L154: 12824539 | M154: 3770959 | N154: 66463939 | O154: 33788637 | Q154: 12595576 | R154: 3841932 | S154: 14329041 | T154: 127898561 | V154: 165545584 | W154: 3750910 | X154: 60937749 | Y154: 42295416
B155: 12801346 | C155: 4479748 | D155: 6904953 | E155: 10721346 | G155: 12322268 | H155: 3737401 | I155: 61052205 | J155: 25168340 | L155: 13768373 | M155: 3807579 | N155: 10633354 | O155: 34500373 | Q155: 12596626 | R155: 3758201 | S155: 13307083 | T155: 41115181 | V155: 12962497 | W155: 3793224 | X155: 60746271 | Y155: 45019754
B156: 14433057 | C156: 4393778 | D156: 6896106 | E156: 10055218 | G156: 13628262 | H156: 3787775 | I156: 8092017 | J156: 25387971 | L156: 175689445 | M156: 3729434 | N156: 61524304 | O156: 35773988 | Q156: 173547298 | R156: 3732310 | S156: 63274621 | T156: 41286097 | V156: 166187378 | W156: 3738191 | X156: 14538888 | Y156: 42078511
B157: 14493670 | C157: 4419431 | D157: 7497402 | E157: 6716823 | G157: 12819613 | H157: 3745348 | I157: 9471621 | J157: 26599166 | L157: 171824298 | M157: 3789545 | N157: 11777648 | O157: 35075557 | Q157: 13089668 | R157: 3737542 | S157: 13699456 | T157: 128761074 | V157: 12410715 | W157: 3798382 | X157: 15822652 | Y157: 44030148
B158: 13766675 | C158: 4485499 | D158: 6883653 | E158: 9428809 | G158: 11766357 | H158: 3791278 | I158: 10411643 | J158: 26710844 | L158: 12106613 | M158: 3639628 | N158: 10559418 | O158: 35488419 | Q158: 14127241 | R158: 3711436 | S158: 62578324 | T158: 40900390 | V158: 168924973 | W158: 3742070 | X158: 14954089 | Y158: 43972537
B159: 11660429 | C159: 4382410 | D159: 6879723 | E159: 10742986 | G159: 187761331 | H159: 3736101 | I159: 60451616 | J159: 25297586 | L159: 13995976 | M159: 3749275 | N159: 9953094 | O159: 33912649 | Q159: 12885270 | R159: 3762216 | S159: 13343913 | T159: 41057627 | V159: 172920071 | W159: 3720960 | X159: 16837273 | Y159: 42384319
B160: 13587484 | C160: 4566772 | D160: 6896982 | E160: 11039359 | G160: 12350287 | H160: 3754046 | I160: 9644988 | J160: 24994274 | L160: 170316122 | M160: 3759471 | N160: 10421315 | O160: 95350840 | Q160: 170060034 | R160: 3803824 | S160: 13794164 | T160: 38810828 | V160: 12393125 | W160: 3764607 | X160: 15284056 | Y160: 44182087
B161: 14195142 | C161: 4411379 | D161: 6852214 | E161: 10948630 | G161: 196654631 | H161: 3810447 | I161: 9044765 | J161: 32817239 | L161: 13372661 | M161: 3695580 | N161: 10487167 | O161: 34702328 | Q161: 13375486 | R161: 3581233 | S161: 13972382 | T161: 41024273 | V161: 12929237 | W161: 3835283 | X161: 16535173 | Y161: 142563719
... B179: 14395594 | C179: 4401505 | D179: 6873518 | E179: 8826913 | G179: 12448860 | H179: 3809855 | I179: 7928211 | J179: 25448991 | L179: 12386766 | M179: 3878199 | N179: 62812310 | O179: 99727946 | Q179: 13898958 | R179: 3744005 | S179: 12967637 | T179: 40958220 | V179: 179224585 | W179: 3758604 | X179: 15622832 | Y179: 42270917
A180: Promedio | B180: =AVERAGE(B150:B179) -> 13084450 | C180: =AVERAGE(C150:C179) -> 4397756.3 | D180: =AVERAGE(D150:D179) -> 7011196.4 | E180: =AVERAGE(E150:E179) -> 10112468 | G180: =AVERAGE(G150:G179) -> 65377128 | H180: =AVERAGE(H150:H179) -> 3787534.4 | I180: =AVERAGE(I150:I179) -> 22772497 | J180: =AVERAGE(J150:J179) -> 27653763 | L180: =AVERAGE(L150:L179) -> 58872844 | M180: =AVERAGE(M150:M179) -> 3763904.3 | N180: =AVERAGE(N150:N179) -> 28115669 | O180: =AVERAGE(O150:O179) -> 49592685 | Q180: =AVERAGE(Q150:Q179) -> 39674971 | R180: =AVERAGE(R150:R179) -> 3714622.3 | S180: =AVERAGE(S150:S179) -> 25132180 | T180: =AVERAGE(T150:T179) -> 64263108 | V180: =AVERAGE(V150:V179) -> 70249883 | W180: =AVERAGE(W150:W179) -> 3775640.1 | X180: =AVERAGE(X150:X179) -> 21790721 | Y180: =AVERAGE(Y150:Y179) -> 60207048

Sheet Promedios FilasOpenMP
B3: PROMEDIOS PARA MATRIZ 50x50 | I3: PROMEDIOS PARA MATRIZ 100x100 | P3: PROMEDIOS PARA MATRIZ 500x500
C4: SISTEMA OPERATIVO | J4: SISTEMA OPERATIVO | Q4: SISTEMA OPERATIVO
B5: # de Hilos | C5: VM Javeriana Ubuntu 4 hilos | D5: Replit 8 hilos | E5: Subsistema de Windows para Linux (Ubuntu) 12 hilos | F5: Subsistema de Windows para Linux (Ubuntu) 16 hilos | I5: # de Hilos | J5: VM Javeriana Ubuntu 4 hilos | K5: Replit 8 hilos | L5: Subsistema de Windows para Linux (Ubuntu) 12 hilos | M5: Subsistema de Windows para Linux (Ubuntu) 16 hilos | P5: # de Hilos | Q5: VM Javeriana Ubuntu 4 hilos | R5: Replit 8 hilos | S5: Subsistema de Windows para Linux (Ubuntu) 12 hilos | T5: Subsistema de Windows para Linux (Ubuntu) 16 hilos
B6: 1 | C6: =FilasOpenMP!B36 -> 663.96667 | D6: =FilasOpenMP!C36 -> 141.06667 | E6: =FilasOpenMP!D36 -> 256.33333 | F6: =FilasOpenMP!E36 -> 457.06667 | I6: 1 | J6: =FilasOpenMP!B72 -> 6334.4333 | K6: =FilasOpenMP!C72 -> 1506.4667 | L6: =FilasOpenMP!D72 -> 1907 | M6: =FilasOpenMP!E72 -> 3184.3333 | P6: 1 | Q6: =FilasOpenMP!B108 -> 535523.8 | R6: =FilasOpenMP!C108 -> 160720.4 | S6: =FilasOpenMP!D108 -> 246135.73 | T6: =FilasOpenMP!E108 -> 331521.13
B7: 2 | C7: =FilasOpenMP!G36 -> 1792.3333 | D7: =FilasOpenMP!H36 -> 1776.8 | E7: =FilasOpenMP!I36 -> 168 | F7: =FilasOpenMP!J36 -> 1481.8 | I7: 2 | J7: =FilasOpenMP!G72 -> 27133.733 | K7: =FilasOpenMP!H72 -> 4336 | L7: =FilasOpenMP!I72 -> 1078 | M7: =FilasOpenMP!J72 -> 8739.2667 | P7: 2 | Q7: =FilasOpenMP!G108 -> 1641799.3 | R7: =FilasOpenMP!H108 -> 146649.63 | S7: =FilasOpenMP!I108 -> 706038.93 | T7: =FilasOpenMP!J108 -> 1082274.2
B8: 4 | C8: =FilasOpenMP!L36 -> 2572.4667 | D8: =FilasOpenMP!M36 -> 7505.6333 | E8: =FilasOpenMP!N36 -> 229 | F8: =FilasOpenMP!O36 -> 2822.5333 | I8: 4 | J8: =FilasOpenMP!L72 -> 15153.7 | K8: =FilasOpenMP!M72 -> 8065 | L8: =FilasOpenMP!N72 -> 674 | M8: =FilasOpenMP!O72 -> 19000.233 | P8: 4 | Q8: =FilasOpenMP!L108 -> 2381290.8 | R8: =FilasOpenMP!M108 -> 146732.53 | S8: =FilasOpenMP!N108 -> 890051.33 | T8: =FilasOpenMP!O108 -> 1842179.4
B9: 8 | C9: =FilasOpenMP!Q36 -> 2306.6333 | D9: =FilasOpenMP!R36 -> 3525.7 | E9: =FilasOpenMP!S36 -> 448 | F9: =FilasOpenMP!T36 -> 3330.4667 | I9: 8 | J9: =FilasOpenMP!Q72 -> 19429.467 | K9: =FilasOpenMP!R72 -> 5557.4667 | L9: =FilasOpenMP!S72 -> 707 | M9: =FilasOpenMP!T72 -> 23081.433 | P9: 8 | Q9: =FilasOpenMP!Q108 -> 1512878.2 | R9: =FilasOpenMP!R108 -> 135386.9 | S9: =FilasOpenMP!S108 -> 763243.6 | T9: =FilasOpenMP!T108 -> 2468527
B10: 10 | C10: =FilasOpenMP!V36 -> 2194.8667 | D10: =FilasOpenMP!W36 -> 1583.5333 | E10: =FilasOpenMP!X36 -> 430 | F10: =FilasOpenMP!Y36 -> 4624.5333 | I10: 10 | J10: =FilasOpenMP!V72 -> 24563.7 | K10: =FilasOpenMP!W72 -> 1994 | L10: =FilasOpenMP!X72 -> 8728.7 | M10: =FilasOpenMP!Y72 -> 25875.9 | P10: 10 | Q10: =FilasOpenMP!V108 -> 1336721.1 | R10: =FilasOpenMP!W108 -> 131370.33 | S10: =FilasOpenMP!X108 -> 1014267.5 | T10: =FilasOpenMP!Y108 -> 2509010.3
B13: PROMEDIOS PARA MATRIZ 1000x1000 | I13: PROMEDIOS PARA MATRIZ 1500x1500
C14: SISTEMA OPERATIVO | J14: SISTEMA OPERATIVO
B15: # de Hilos | C15: VM Javeriana Ubuntu 4 hilos | D15: Replit 8 hilos | E15: Subsistema de Windows para Linux (Ubuntu) 12 hilos | F15: Subsistema de Windows para Linux (Ubuntu) 16 hilos | I15: # de Hilos | J15: VM Javeriana Ubuntu 4 hilos | K15: Replit 8 hilos | L15: Subsistema de Windows para Linux (Ubuntu) 12 hilos | M15: Subsistema de Windows para Linux (Ubuntu) 16 hilos
B16: 1 | C16: =FilasOpenMP!B144 -> 4150145.5 | D16: =FilasOpenMP!C144 -> 1213799.6 | E16: =FilasOpenMP!D144 -> 2026459.8 | F16: =FilasOpenMP!E144 -> 3066932.6 | I16: 1 | J16: =FilasOpenMP!B180 -> 13084450 | K16: =FilasOpenMP!C180 -> 4397756.3 | L16: =FilasOpenMP!D180 -> 7011196.4 | M16: =FilasOpenMP!E180 -> 10112468
B17: 2 | C17: =FilasOpenMP!G144 -> 18118152 | D17: =FilasOpenMP!H144 -> 1099939.3 | E17: =FilasOpenMP!I144 -> 4612067.7 | F17: =FilasOpenMP!J144 -> 8776908.1 | I17: 2 | J17: =FilasOpenMP!G180 -> 65377128 | K17: =FilasOpenMP!H180 -> 3787534.4 | L17: =FilasOpenMP!I180 -> 22772497 | M17: =FilasOpenMP!J180 -> 27653763
B18: 4 | C18: =FilasOpenMP!L144 -> 26157941 | D18: =FilasOpenMP!M144 -> 1103606.8 | E18: =FilasOpenMP!N144 -> 6340739.6 | F18: =FilasOpenMP!O144 -> 15083006 | I18: 4 | J18: =FilasOpenMP!L180 -> 58872844 | K18: =FilasOpenMP!M180 -> 3763904.3 | L18: =FilasOpenMP!N180 -> 28115669 | M18: =FilasOpenMP!O180 -> 49592685
B19: 8 | C19: =FilasOpenMP!Q144 -> 11914620 | D19: =FilasOpenMP!W144 -> 1097460.4 | E19: =FilasOpenMP!S144 -> 9448166.8 | F19: =FilasOpenMP!T144 -> 20001530 | I19: 8 | J19: =FilasOpenMP!Q180 -> 39674971 | K19: =FilasOpenMP!R180 -> 3714622.3 | L19: =FilasOpenMP!S180 -> 25132180 | M19: =FilasOpenMP!T180 -> 64263108
B20: 10 | C20: =FilasOpenMP!V144 -> 19680356 | D20: =FilasOpenMP!W144 -> 1097460.4 | E20: =FilasOpenMP!X144 -> 6796339 | F20: =FilasOpenMP!Y144 -> 20796825 | I20: 10 | J20: =FilasOpenMP!V180 -> 70249883 | K20: =FilasOpenMP!W180 -> 3775640.1 | L20: =FilasOpenMP!X180 -> 21790721 | M20: =FilasOpenMP!Y180 -> 60207048

Sheet VM Javeriana Ubuntu 4 hilos
B3: PROMEDIOS PARA MATRIZ 50x50 | I3: PROMEDIOS PARA MATRIZ 100x100 | P3: PROMEDIOS PARA MATRIZ 500x500
C4: ALGORITMO | J4: ALGORITMO | Q4: ALGORITMO
B5: # Hilos | C5: FORK | D5: OPENMP | E5: POSIX | F5: FilasOpenMp | I5: # Hilos | J5: FORK | K5: OPENMP | L5: POSIX | M5: FilasOpenMP | P5: # Hilos | Q5: FORK | R5: OPENMP | S5: POSIX | T5: FilasOpenMP
B6: 1 | C6: ='Promedios Fork'!C6 -> 1244.4 | D6: ='Promedios OpenMP'!$C6 -> 574.73333 | E6: ='Promedios Posix'!$C6 -> 1137.0333 | F6: ='Promedios FilasOpenMP'!C6 -> 663.96667 | I6: 1 | J6: ='Promedios Fork'!$J6 -> 5867.9667 | K6: ='Promedios OpenMP'!$J6 -> 4236.0333 | L6: ='Promedios Posix'!$J6 -> 7029.1333 | M6: ='Promedios FilasOpenMP'!J6 -> 6334.4333 | P6: 1 | Q6: ='Promedios Fork'!$Q6 -> 501042.97 | R6: ='Promedios OpenMP'!$Q6 -> 484101 | S6: ='Promedios Posix'!$Q6 -> 492496.13 | T6: ='Promedios FilasOpenMP'!Q6 -> 535523.8
B7: 2 | C7: ='Promedios Fork'!C7 -> 868 | D7: ='Promedios OpenMP'!C7 -> 376.73333 | E7: ='Promedios Posix'!$C7 -> 607.2 | F7: ='Promedios FilasOpenMP'!C7 -> 1792.3333 | I7: 2 | J7: ='Promedios Fork'!J7 -> 3364.7667 | K7: ='Promedios OpenMP'!$J7 -> 2920.7667 | L7: ='Promedios Posix'!$J7 -> 4027.3 | M7: ='Promedios FilasOpenMP'!J7 -> 27133.733 | P7: 2 | Q7: ='Promedios Fork'!$Q7 -> 250653.77 | R7: ='Promedios OpenMP'!$Q7 -> 254878.1 | S7: ='Promedios Posix'!$Q7 -> 253957.7 | T7: ='Promedios FilasOpenMP'!Q7 -> 1641799.3
B8: 4 | C8: ='Promedios Fork'!C8 -> 966.9 | D8: ='Promedios OpenMP'!C8 -> 832.13333 | E8: ='Promedios Posix'!$C8 -> 588.63333 | F8: ='Promedios FilasOpenMP'!C8 -> 2572.4667 | I8: 4 | J8: ='Promedios Fork'!J8 -> 2350.8 | K8: ='Promedios OpenMP'!$J8 -> 1913.5 | L8: ='Promedios Posix'!$J8 -> 1761.3 | M8: ='Promedios FilasOpenMP'!J8 -> 15153.7 | P8: 4 | Q8: ='Promedios Fork'!$Q8 -> 130419.63 | R8: ='Promedios OpenMP'!$Q8 -> 357137.07 | S8: ='Promedios Posix'!$Q8 -> 129507.53 | T8: ='Promedios FilasOpenMP'!Q8 -> 2381290.8
B9: 8 | C9: ='Promedios Fork'!C9 -> 1172.6 | D9: ='Promedios OpenMP'!C9 -> 700.7 | E9: ='Promedios Posix'!$C9 -> 644.8 | F9: ='Promedios FilasOpenMP'!C9 -> 2306.6333 | I9: 8 | J9: ='Promedios Fork'!J9 -> 2743.4667 | K9: ='Promedios OpenMP'!$J9 -> 1657.4667 | L9: ='Promedios Posix'!$J9 -> 1444.2667 | M9: ='Promedios FilasOpenMP'!J9 -> 19429.467 | P9: 8 | Q9: ='Promedios Fork'!$Q9 -> 132673.13 | R9: ='Promedios OpenMP'!$Q9 -> 362235.6 | S9: ='Promedios Posix'!$Q9 -> 125072.57 | T9: ='Promedios FilasOpenMP'!Q9 -> 1512878.2
B10: 10 | C10: ='Promedios Fork'!C10 -> 1305.2667 | D10: ='Promedios OpenMP'!C10 -> 710.53333 | E10: ='Promedios Posix'!$C10 -> 671.46667 | F10: ='Promedios FilasOpenMP'!C10 -> 2194.8667 | I10: 10 | J10: ='Promedios Fork'!J10 -> 2458.3667 | K10: ='Promedios OpenMP'!$J10 -> 1717.2667 | L10: ='Promedios Posix'!$J10 -> 1690.7333 | M10: ='Promedios FilasOpenMP'!J10 -> 24563.7 | P10: 10 | Q10: ='Promedios Fork'!$Q10 -> 130487 | R10: ='Promedios OpenMP'!$Q10 -> 341844 | S10: ='Promedios Posix'!$Q10 -> 127562.77 | T10: ='Promedios FilasOpenMP'!Q10 -> 1336721.1
B13: PROMEDIOS PARA MATRIZ 1000x1000 | I13: PROMEDIOS PARA MATRIZ 1500x1500
C14: ALGORITMO | J14: ALGORITMO
B15: # Hilos | C15: FORK | D15: OPENMP | E15: POSIX | F15: FilasOpenMp | I15: # Hilos | J15: FORK | K15: OPENMP | L15: POSIX | M15: FilasOpenMP
B16: 1 | C16: ='Promedios Fork'!$C16 -> 4976830.4 | D16: ='Promedios OpenMP'!$C16 -> 4916429.9 | E16: ='Promedios Posix'!$C16 -> 4966478.6 | F16: ='Promedios FilasOpenMP'!C16 -> 4150145.5 | I16: 1 | J16: ='Promedios Fork'!$J16 -> 21002910 | K16: ='Promedios OpenMP'!$J16 -> 20248774 | L16: ='Promedios Posix'!$J16 -> 21374005 | M16: ='Promedios FilasOpenMP'!J16 -> 13084450
B17: 2 | C17: ='Promedios Fork'!$C17 -> 2384519.5 | D17: ='Promedios OpenMP'!$C17 -> 2440560.1 | E17: ='Promedios Posix'!$C17 -> 2422897.3 | F17: ='Promedios FilasOpenMP'!C17 -> 18118152 | I17: 2 | J17: ='Promedios Fork'!$J17 -> 10312810 | K17: ='Promedios OpenMP'!$J17 -> 9968618.9 | L17: ='Promedios Posix'!$J17 -> 10246799 | M17: ='Promedios FilasOpenMP'!J17 -> 65377128
B18: 4 | C18: ='Promedios Fork'!$C18 -> 1083383.6 | D18: ='Promedios OpenMP'!$C18 -> 1073268.6 | E18: ='Promedios Posix'!$C18 -> 1100681.2 | F18: ='Promedios FilasOpenMP'!C18 -> 26157941 | I18: 4 | J18: ='Promedios Fork'!$J18 -> 5042021.2 | K18: ='Promedios OpenMP'!$J18 -> 5080173.5 | L18: ='Promedios Posix'!$J18 -> 5265513.9 | M18: ='Promedios FilasOpenMP'!J18 -> 58872844
B19: 8 | C19: ='Promedios Fork'!$C19 -> 1127360.4 | D19: ='Promedios OpenMP'!$C19 -> 1067126 | E19: ='Promedios Posix'!$C19 -> 1066073.6 | F19: ='Promedios FilasOpenMP'!C19 -> 11914620 | I19: 8 | J19: ='Promedios Fork'!$J19 -> 4308623.7 | K19: ='Promedios OpenMP'!$J19 -> 4076102.3 | L19: ='Promedios Posix'!$J19 -> 4128583.6 | M19: ='Promedios FilasOpenMP'!J19 -> 39674971
B20: 10 | C20: ='Promedios Fork'!$C20 -> 1083518.1 | D20: ='Promedios OpenMP'!$C20 -> 1053042.9 | E20: ='Promedios Posix'!$C20 -> 1067517.3 | F20: ='Promedios FilasOpenMP'!C20 -> 19680356 | I20: 10 | J20: ='Promedios Fork'!$J20 -> 4555716.2 | K20: ='Promedios OpenMP'!$J20 -> 4365250 | L20: ='Promedios Posix'!$J20 -> 4422448.1 | M20: ='Promedios FilasOpenMP'!J20 -> 70249883

Sheet Replit 8 hilos
B3: PROMEDIOS PARA MATRIZ 50x50 | I3: PROMEDIOS PARA MATRIZ 100x100 | P3: PROMEDIOS PARA MATRIZ 500x500
C4: ALGORITMO | J4: ALGORITMO | Q4: ALGORITMO
B5: # Hilos | C5: FORK | D5: OPENMP | E5: POSIX | F5: FilasOpenMp | I5: # Hilos | J5: FORK | K5: OPENMP | L5: POSIX | M5: FilasOpenMP | P5: # Hilos | Q5: FORK | R5: OPENMP | S5: POSIX | T5: FilasOpenMP
B6: 1 | C6: ='Promedios Fork'!D6 -> 320.46667 | D6: ='Promedios OpenMP'!$D6 -> 77.133333 | E6: ='Promedios Posix'!$D6 -> 1811.3333 | F6: ='Promedios FilasOpenMP'!D6 -> 141.06667 | I6: 1 | J6: ='Promedios Fork'!$K6 -> 975.06667 | K6: ='Promedios OpenMP'!$K6 -> 680.56667 | L6: ='Promedios Posix'!$K6 -> 1709.8333 | M6: ='Promedios FilasOpenMP'!K6 -> 1506.4667 | P6: 1 | Q6: ='Promedios Fork'!$R6 -> 117021.37 | R6: ='Promedios OpenMP'!$R6 -> 115084.53 | S6: ='Promedios Posix'!$R6 -> 114393.7 | T6: ='Promedios FilasOpenMP'!R6 -> 160720.4
B7: 2 | C7: ='Promedios Fork'!D7 -> 351.96667 | D7: ='Promedios OpenMP'!$D7 -> 432.6 | E7: ='Promedios Posix'!$D7 -> 1046.7 | F7: ='Promedios FilasOpenMP'!D7 -> 1776.8 | I7: 2 | J7: ='Promedios Fork'!$K7 -> 881.2 | K7: ='Promedios OpenMP'!$K7 -> 459.5 | L7: ='Promedios Posix'!$K7 -> 1229.3667 | M7: ='Promedios FilasOpenMP'!K7 -> 4336 | P7: 2 | Q7: ='Promedios Fork'!$R7 -> 110748.93 | R7: ='Promedios OpenMP'!$R7 -> 114101.03 | S7: ='Promedios Posix'!$R7 -> 109309 | T7: ='Promedios FilasOpenMP'!R7 -> 146649.63
B8: 4 | C8: ='Promedios Fork'!D8 -> 853.8 | D8: ='Promedios OpenMP'!$D8 -> 1354 | E8: ='Promedios Posix'!$D8 -> 1447.4 | F8: ='Promedios FilasOpenMP'!D8 -> 7505.6333 | I8: 4 | J8: ='Promedios Fork'!$K8 -> 770.1 | K8: ='Promedios OpenMP'!$K8 -> 3501.5 | L8: ='Promedios Posix'!$K8 -> 1223.2667 | M8: ='Promedios FilasOpenMP'!K8 -> 8065 | P8: 4 | Q8: ='Promedios Fork'!$R8 -> 129553.1 | R8: ='Promedios OpenMP'!$R8 -> 133641.8 | S8: ='Promedios Posix'!$R8 -> 114348.33 | T8: ='Promedios FilasOpenMP'!R8 -> 146732.53
B9: 8 | C9: ='Promedios Fork'!D9 -> 1446.2667 | D9: ='Promedios OpenMP'!$D9 -> 466.93333 | E9: ='Promedios Posix'!$D9 -> 1261.6333 | F9: ='Promedios FilasOpenMP'!D9 -> 3525.7 | I9: 8 | J9: ='Promedios Fork'!$K9 -> 2088.9333 | K9: ='Promedios OpenMP'!$K9 -> 963.13333 | L9: ='Promedios Posix'!$K9 -> 1577.0667 | M9: ='Promedios FilasOpenMP'!K9 -> 5557.4667 | P9: 8 | Q9: ='Promedios Fork'!$R9 -> 126029.13 | R9: ='Promedios OpenMP'!$R9 -> 115451.33 | S9: ='Promedios Posix'!$R9 -> 120554.93 | T9: ='Promedios FilasOpenMP'!R9 -> 135386.9
B10: 10 | C10: ='Promedios Fork'!D10 -> 1439.1333 | D10: ='Promedios OpenMP'!$D10 -> 590.16667 | E10: ='Promedios Posix'!$D10 -> 1182.2667 | F10: ='Promedios FilasOpenMP'!D10 -> 1583.5333 | I10: 10 | J10: ='Promedios Fork'!$K10 -> 2502.8333 | K10: ='Promedios OpenMP'!$K10 -> 692.76667 | L10: ='Promedios Posix'!$K10 -> 1974.8 | M10: ='Promedios FilasOpenMP'!K10 -> 1994 | P10: 10 | Q10: ='Promedios Fork'!$R10 -> 134010.23 | R10: ='Promedios OpenMP'!$R10 -> 122604.6 | S10: ='Promedios Posix'!$R10 -> 131966.13 | T10: ='Promedios FilasOpenMP'!R10 -> 131370.33
B13: PROMEDIOS PARA MATRIZ 1000x1000 | I13: PROMEDIOS PARA MATRIZ 1500x1500
C14: ALGORITMO | J14: ALGORITMO
B15: # Hilos | C15: FORK | D15: OPENMP | E15: POSIX | F15: FilasOpenMp | I15: # Hilos | J15: FORK | K15: OPENMP | L15: POSIX | M15: FilasOpenMP
B16: 1 | C16: ='Promedios Fork'!$D16 -> 933810.43 | D16: ='Promedios OpenMP'!D16 -> 1002872.2 | E16: ='Promedios Posix'!$D16 -> 933697.57 | F16: ='Promedios FilasOpenMP'!D16 -> 1213799.6 | I16: 1 | J16: ='Promedios Fork'!$K16 -> 5172375.3 | K16: ='Promedios OpenMP'!$K16 -> 5420694.4 | L16: ='Promedios Posix'!$K16 -> 5042656.3 | M16: ='Promedios FilasOpenMP'!K16 -> 4397756.3
B17: 2 | C17: ='Promedios Fork'!$D17 -> 935846.17 | D17: ='Promedios OpenMP'!D17 -> 958215.93 | E17: ='Promedios Posix'!$D17 -> 920751.43 | F17: ='Promedios FilasOpenMP'!D17 -> 1099939.3 | I17: 2 | J17: ='Promedios Fork'!$K17 -> 4930737.7 | K17: ='Promedios OpenMP'!$K17 -> 4888161.8 | L17: ='Promedios Posix'!$K17 -> 4607654.7 | M17: ='Promedios FilasOpenMP'!K17 -> 3787534.4
B18: 4 | C18: ='Promedios Fork'!$D18 -> 1038730.4 | D18: ='Promedios OpenMP'!D18 -> 1019348 | E18: ='Promedios Posix'!$D18 -> 995521.73 | F18: ='Promedios FilasOpenMP'!D18 -> 1103606.8 | I18: 4 | J18: ='Promedios Fork'!$K18 -> 4705963.3 | K18: ='Promedios OpenMP'!$K18 -> 4620711.3 | L18: ='Promedios Posix'!$K18 -> 4610709.5 | M18: ='Promedios FilasOpenMP'!K18 -> 3763904.3
B19: 8 | C19: ='Promedios Fork'!$D19 -> 1087144.6 | D19: ='Promedios OpenMP'!D19 -> 1058403.3 | E19: ='Promedios Posix'!$D19 -> 1067881.6 | F19: ='Promedios FilasOpenMP'!D19 -> 1097460.4 | I19: 8 | J19: ='Promedios Fork'!$K19 -> 4827072.6 | K19: ='Promedios OpenMP'!$K19 -> 4802868.8 | L19: ='Promedios Posix'!$K19 -> 4762460.6 | M19: ='Promedios FilasOpenMP'!K19 -> 3714622.3
B20: 10 | C20: ='Promedios Fork'!$D20 -> 1087144.6 | D20: ='Promedios OpenMP'!D20 -> 1058403.3 | E20: ='Promedios Posix'!$D20 -> 1067881.6 | F20: ='Promedios FilasOpenMP'!D20 -> 1097460.4 | I20: 10 | J20: ='Promedios Fork'!$K20 -> 4872267.1 | K20: ='Promedios OpenMP'!$K20 -> 4796286.1 | L20: ='Promedios Posix'!$K20 -> 4807465 | M20: ='Promedios FilasOpenMP'!K20 -> 3775640.1

Sheet Linux 12 hilos
B3: PROMEDIOS PARA MATRIZ 50x50 | I3: PROMEDIOS PARA MATRIZ 100x100 | P3: PROMEDIOS PARA MATRIZ 500x500
C4: ALGORITMO | J4: ALGORITMO | Q4: ALGORITMO
B5: # Hilos | C5: FORK | D5: OPENMP | E5: POSIX | F5: FilasOpenMp | I5: # Hilos | J5: FORK | K5: OPENMP | L5: POSIX | M5: FilasOpenMP | P5: # Hilos | Q5: FORK | R5: OPENMP | S5: POSIX | T5: FilasOpenMP
B6: 1 | C6: ='Promedios Fork'!E6 -> 415.63333 | D6: ='Promedios OpenMP'!$E6 -> 257.93333 | E6: ='Promedios Posix'!$E6 -> 437.8 | F6: ='Promedios FilasOpenMP'!E6 -> 256.33333 | I6: 1 | J6: ='Promedios Fork'!$L6 -> 2033.7333 | K6: ='Promedios OpenMP'!$L6 -> 1907 | L6: ='Promedios Posix'!$L6 -> 1907 | M6: ='Promedios FilasOpenMP'!L6 -> 1907 | P6: 1 | Q6: ='Promedios Fork'!$S6 -> 229871.3 | R6: ='Promedios OpenMP'!$S6 -> 242046.93 | S6: ='Promedios Posix'!$S6 -> 231003 | T6: ='Promedios FilasOpenMP'!S6 -> 246135.73
B7: 2 | C7: ='Promedios Fork'!E7 -> 360.66667 | D7: ='Promedios OpenMP'!$E7 -> 168 | E7: ='Promedios Posix'!$E7 -> 168 | F7: ='Promedios FilasOpenMP'!E7 -> 168 | I7: 2 | J7: ='Promedios Fork'!$L7 -> 1260.6667 | K7: ='Promedios OpenMP'!$L7 -> 1078 | L7: ='Promedios Posix'!$L7 -> 1078 | M7: ='Promedios FilasOpenMP'!L7 -> 1078 | P7: 2 | Q7: ='Promedios Fork'!$S7 -> 158720.8 | R7: ='Promedios OpenMP'!$S7 -> 122834.13 | S7: ='Promedios Posix'!$S7 -> 122967.5 | T7: ='Promedios FilasOpenMP'!S7 -> 706038.93
B8: 4 | C8: ='Promedios Fork'!E8 -> 447.63333 | D8: ='Promedios OpenMP'!$E8 -> 229 | E8: ='Promedios Posix'!$E8 -> 229 | F8: ='Promedios FilasOpenMP'!E8 -> 229 | I8: 4 | J8: ='Promedios Fork'!$L8 -> 1055.5333 | K8: ='Promedios OpenMP'!$L8 -> 674 | L8: ='Promedios Posix'!$L8 -> 674 | M8: ='Promedios FilasOpenMP'!L8 -> 674 | P8: 4 | Q8: ='Promedios Fork'!$S8 -> 76144.567 | R8: ='Promedios OpenMP'!$S8 -> 78625.667 | S8: ='Promedios Posix'!$S8 -> 77034.1 | T8: ='Promedios FilasOpenMP'!S8 -> 890051.33
B9: 8 | C9: ='Promedios Fork'!E9 -> 697.76667 | D9: ='Promedios OpenMP'!$E9 -> 448 | E9: ='Promedios Posix'!$E9 -> 448 | F9: ='Promedios FilasOpenMP'!E9 -> 448 | I9: 8 | J9: ='Promedios Fork'!$L9 -> 1031.8667 | K9: ='Promedios OpenMP'!$L9 -> 707 | L9: ='Promedios Posix'!$L9 -> 707 | M9: ='Promedios FilasOpenMP'!L9 -> 707 | P9: 8 | Q9: ='Promedios Fork'!$S9 -> 46780.467 | R9: ='Promedios OpenMP'!$S9 -> 49512.567 | S9: ='Promedios Posix'!$S9 -> 47523.233 | T9: ='Promedios FilasOpenMP'!S9 -> 763243.6
B10: 10 | C10: ='Promedios Fork'!E10 -> 805.63333 | D10: ='Promedios OpenMP'!$E10 -> 430 | E10: ='Promedios Posix'!$E10 -> 430 | F10: ='Promedios FilasOpenMP'!E10 -> 430 | I10: 10 | J10: ='Promedios Fork'!$L10 -> 1153.7667 | K10: ='Promedios OpenMP'!$L10 -> 713.4 | L10: ='Promedios Posix'!$L10 -> 813.66667 | M10: ='Promedios FilasOpenMP'!L10 -> 8728.7 | P10: 10 | Q10: ='Promedios Fork'!$S10 -> 39158.833 | R10: ='Promedios OpenMP'!$S10 -> 41767.9 | S10: ='Promedios Posix'!$S10 -> 39510.6 | T10: ='Promedios FilasOpenMP'!S10 -> 1014267.5
B13: PROMEDIOS PARA MATRIZ 1000x1000 | I13: PROMEDIOS PARA MATRIZ 1500x1500
C14: ALGORITMO | J14: ALGORITMO
B15: # Hilos | C15: FORK | D15: OPENMP | E15: POSIX | F15: FilasOpenMp | I15: # Hilos | J15: FORK | K15: OPENMP | L15: POSIX | M15: FilasOpenMP
B16: 1 | C16: ='Promedios Fork'!$E16 -> 2003101.7 | D16: ='Promedios OpenMP'!E16 -> 2258262 | E16: ='Promedios Posix'!$E16 -> 1991854.5 | F16: ='Promedios FilasOpenMP'!E16 -> 2026459.8 | I16: 1 | J16: ='Promedios Fork'!$L16 -> 8489286.3 | K16: ='Promedios OpenMP'!$L16 -> 8806190.6 | L16: ='Promedios Posix'!$L16 -> 8612529.7 | M16: ='Promedios FilasOpenMP'!L16 -> 7011196.4
B17: 2 | C17: ='Promedios Fork'!$E17 -> 1098625.6 | D17: ='Promedios OpenMP'!E17 -> 1227186.4 | E17: ='Promedios Posix'!$E17 -> 1084408.6 | F17: ='Promedios FilasOpenMP'!E17 -> 4612067.7 | I17: 2 | J17: ='Promedios Fork'!$L17 -> 4827584.5 | K17: ='Promedios OpenMP'!$L17 -> 4849300 | L17: ='Promedios Posix'!$L17 -> 4943792.3 | M17: ='Promedios FilasOpenMP'!L17 -> 22772497
B18: 4 | C18: ='Promedios Fork'!$E18 -> 650771.63 | D18: ='Promedios OpenMP'!E18 -> 704286.93 | E18: ='Promedios Posix'!$E18 -> 679094.43 | F18: ='Promedios FilasOpenMP'!E18 -> 6340739.6 | I18: 4 | J18: ='Promedios Fork'!$L18 -> 2882152.8 | K18: ='Promedios OpenMP'!$L18 -> 2886995.7 | L18: ='Promedios Posix'!$L18 -> 2903714.2 | M18: ='Promedios FilasOpenMP'!L18 -> 28115669
B19: 8 | C19: ='Promedios Fork'!$E19 -> 451495.8 | D19: ='Promedios OpenMP'!E19 -> 454524.77 | E19: ='Promedios Posix'!$E19 -> 446858.97 | F19: ='Promedios FilasOpenMP'!E19 -> 9448166.8 | I19: 8 | J19: ='Promedios Fork'!$L19 -> 1983089.6 | K19: ='Promedios OpenMP'!$L19 -> 1940096.3 | L19: ='Promedios Posix'!$L19 -> 2026874.8 | M19: ='Promedios FilasOpenMP'!L19 -> 25132180
B20: 10 | C20: ='Promedios Fork'!$E20 -> 400235.77 | D20: ='Promedios OpenMP'!E20 -> 396629.97 | E20: ='Promedios Posix'!$E20 -> 401744.87 | F20: ='Promedios FilasOpenMP'!E20 -> 6796339 | I20: 10 | J20: ='Promedios Fork'!$L20 -> 1951863.9 | K20: ='Promedios OpenMP'!$L20 -> 1796019.9 | L20: ='Promedios Posix'!$L20 -> 1941274.8 | M20: ='Promedios FilasOpenMP'!L20 -> 21790721

Sheet Linux 16
B3: PROMEDIOS PARA MATRIZ 50x50 | I3: PROMEDIOS PARA MATRIZ 100x100 | P3: PROMEDIOS PARA MATRIZ 500x500
C4: ALGORITMO | J4: ALGORITMO | Q4: ALGORITMO
B5: # Hilos | C5: FORK | D5: OPENMP | E5: POSIX | F5: FilasOpenMp | I5: # Hilos | J5: FORK | K5: OPENMP | L5: POSIX | M5: FilasOpenMP | P5: # Hilos | Q5: FORK | R5: OPENMP | S5: POSIX | T5: FilasOpenMP
B6: 1 | C6: ='Promedios Fork'!F6 -> 1515.7333 | D6: ='Promedios OpenMP'!$F6 -> 346.13333 | E6: ='Promedios Posix'!$F6 -> 1941.6 | F6: ='Promedios FilasOpenMP'!F6 -> 457.06667 | I6: 1 | J6: ='Promedios Fork'!$M6 -> 4495.7 | K6: ='Promedios OpenMP'!$M6 -> 3094.3 | L6: ='Promedios Posix'!$M6 -> 4089.3 | M6: ='Promedios FilasOpenMP'!M6 -> 3184.3333 | P6: 1 | Q6: ='Promedios Fork'!$T6 -> 443143.23 | R6: ='Promedios OpenMP'!$T6 -> 599782.03 | S6: ='Promedios Posix'!$T6 -> 395578.33 | T6: ='Promedios FilasOpenMP'!T6 -> 331521.13
B7: 2 | C7: ='Promedios Fork'!F7 -> 1332.1 | D7: ='Promedios OpenMP'!$F7 -> 577.76667 | E7: ='Promedios Posix'!$F7 -> 1133.1 | F7: ='Promedios FilasOpenMP'!F7 -> 1481.8 | I7: 2 | J7: ='Promedios Fork'!$M7 -> 3054.8667 | K7: ='Promedios OpenMP'!$M7 -> 2271.0667 | L7: ='Promedios Posix'!$M7 -> 2588.7667 | M7: ='Promedios FilasOpenMP'!M7 -> 8739.2667 | P7: 2 | Q7: ='Promedios Fork'!$T7 -> 246170.03 | R7: ='Promedios OpenMP'!$T7 -> 303497.87 | S7: ='Promedios Posix'!$T7 -> 161960.47 | T7: ='Promedios FilasOpenMP'!T7 -> 1082274.2
B8: 4 | C8: ='Promedios Fork'!F8 -> 1635.9667 | D8: ='Promedios OpenMP'!$F8 -> 662.53333 | E8: ='Promedios Posix'!$F8 -> 1217.6667 | F8: ='Promedios FilasOpenMP'!F8 -> 2822.5333 | I8: 4 | J8: ='Promedios Fork'!$M8 -> 2673.3 | K8: ='Promedios OpenMP'!$M8 -> 1904.2333 | L8: ='Promedios Posix'!$M8 -> 2207.2333 | M8: ='Promedios FilasOpenMP'!M8 -> 19000.233 | P8: 4 | Q8: ='Promedios Fork'!$T8 -> 147761.43 | R8: ='Promedios OpenMP'!$T8 -> 188760 | S8: ='Promedios Posix'!$T8 -> 139152.87 | T8: ='Promedios FilasOpenMP'!T8 -> 1842179.4
B9: 8 | C9: ='Promedios Fork'!F9 -> 2715 | D9: ='Promedios OpenMP'!$F9 -> 1169.0333 | E9: ='Promedios Posix'!$F9 -> 1862.3 | F9: ='Promedios FilasOpenMP'!F9 -> 3330.4667 | I9: 8 | J9: ='Promedios Fork'!$M9 -> 2881.6333 | K9: ='Promedios OpenMP'!$M9 -> 1791.6667 | L9: ='Promedios Posix'!$M9 -> 1884.4667 | M9: ='Promedios FilasOpenMP'!M9 -> 23081.433 | P9: 8 | Q9: ='Promedios Fork'!$T9 -> 97015.667 | R9: ='Promedios OpenMP'!$T9 -> 109972.9 | S9: ='Promedios Posix'!$T9 -> 91218.1 | T9: ='Promedios FilasOpenMP'!T9 -> 2468527
B10: 10 | C10: ='Promedios Fork'!F10 -> 2417.3 | D10: ='Promedios OpenMP'!$F10 -> 1366.1333 | E10: ='Promedios Posix'!$F10 -> 1986.6667 | F10: ='Promedios FilasOpenMP'!F10 -> 4624.5333 | I10: 10 | J10: ='Promedios Fork'!$M10 -> 2620.8 | K10: ='Promedios OpenMP'!$M10 -> 2043.3667 | L10: ='Promedios Posix'!$M10 -> 2203.3 | M10: ='Promedios FilasOpenMP'!M10 -> 25875.9 | P10: 10 | Q10: ='Promedios Fork'!$T10 -> 83724.567 | R10: ='Promedios OpenMP'!$T10 -> 85268.333 | S10: ='Promedios Posix'!$T10 -> 78180.567 | T10: ='Promedios FilasOpenMP'!T10 -> 2509010.3
B13: PROMEDIOS PARA MATRIZ 1000x1000 | I13: PROMEDIOS PARA MATRIZ 1500x1500
C14: ALGORITMO | J14: ALGORITMO
B15: # Hilos | C15: FORK | D15: OPENMP | E15: POSIX | F15: FilasOpenMp | I15: # Hilos | J15: FORK | K15: OPENMP | L15: POSIX | M15: FilasOpenMP
B16: 1 | C16: ='Promedios Fork'!$F16 -> 4180449.9 | D16: ='Promedios OpenMP'!F16 -> 4412261.4 | E16: ='Promedios Posix'!$F16 -> 3856719 | F16: ='Promedios FilasOpenMP'!F16 -> 3066932.6 | I16: 1 | J16: ='Promedios Fork'!$M16 -> 17842644 | K16: ='Promedios OpenMP'!$M16 -> 21492528 | L16: ='Promedios Posix'!$M16 -> 18041016 | M16: ='Promedios FilasOpenMP'!M16 -> 10112468
B17: 2 | C17: ='Promedios Fork'!$F17 -> 2340885.9 | D17: ='Promedios OpenMP'!F17 -> 2330266.6 | E17: ='Promedios Posix'!$F17 -> 2147555.2 | F17: ='Promedios FilasOpenMP'!F17 -> 8776908.1 | I17: 2 | J17: ='Promedios Fork'!$M17 -> 9457510.1 | K17: ='Promedios OpenMP'!$M17 -> 11311299 | L17: ='Promedios Posix'!$M17 -> 9663883.4 | M17: ='Promedios FilasOpenMP'!M17 -> 27653763
B18: 4 | C18: ='Promedios Fork'!$F18 -> 1558779.4 | D18: ='Promedios OpenMP'!F18 -> 1597333.7 | E18: ='Promedios Posix'!$F18 -> 1378772.2 | F18: ='Promedios FilasOpenMP'!F18 -> 15083006 | I18: 4 | J18: ='Promedios Fork'!$M18 -> 6161716.8 | K18: ='Promedios OpenMP'!$M18 -> 6688440.6 | L18: ='Promedios Posix'!$M18 -> 6308605.2 | M18: ='Promedios FilasOpenMP'!M18 -> 49592685
B19: 8 | C19: ='Promedios Fork'!$F19 -> 1033402 | D19: ='Promedios OpenMP'!F19 -> 1120623.5 | E19: ='Promedios Posix'!$F19 -> 934070.4 | F19: ='Promedios FilasOpenMP'!F19 -> 20001530 | I19: 8 | J19: ='Promedios Fork'!$M19 -> 4556697.3 | K19: ='Promedios OpenMP'!$M19 -> 4957719 | L19: ='Promedios Posix'!$M19 -> 4580479.2 | M19: ='Promedios FilasOpenMP'!M19 -> 64263108
B20: 10 | C20: ='Promedios Fork'!$F20 -> 939460 | D20: ='Promedios OpenMP'!F20 -> 1041796.3 | E20: ='Promedios Posix'!$F20 -> 843160.3 | F20: ='Promedios FilasOpenMP'!F20 -> 20796825 | I20: 10 | J20: ='Promedios Fork'!$M20 -> 4475665.5 | K20: ='Promedios OpenMP'!$M20 -> 4913438.4 | L20: ='Promedios Posix'!$M20 -> 4524992.3 | M20: ='Promedios FilasOpenMP'!M20 -> 60207048
